"age","period",,,,,,,,,,,,,,,,,,,,,,,,,,,,,,,,,,,,,,,,,,,,,,,,,,,,,
,2007,2008,2009,2010,2011,2012,2013,2014,2015,2016,2017,2018,2019,2020,2021,2022,2023,2024,2025,2026,2027,2028,2029,2030,2031,2032,2033,2034,2035,2036,2037,2038,2039,2040,2041,2042,2043,2044,2045,2046,2047,2048,2049,2050,2051,2052,2053,2054,2055,2056,2057,2058,2059,2060
0,0.0,0.0,0.0,0.0,0.0,0.0,0.0,0.0,0.0,0.0,0.0,0.0,0.0,0.0,0.0,0.0,0.0,0.0,0.0,0.0,0.0,0.0,0.0,0.0,0.0,0.0,0.0,0.0,0.0,0.0,0.0,0.0,0.0,0.0,0.0,0.0,0.0,0.0,0.0,0.0,0.0,0.0,0.0,0.0,0.0,0.0,0.0,0.0,0.0,0.0,0.0,0.0,0.0,0.0
1,0.0,0.0,0.0,0.0,0.0,0.0,0.0,0.0,0.0,0.0,0.0,0.0,0.0,0.0,0.0,0.0,0.0,0.0,0.0,0.0,0.0,0.0,0.0,0.0,0.0,0.0,0.0,0.0,0.0,0.0,0.0,0.0,0.0,0.0,0.0,0.0,0.0,0.0,0.0,0.0,0.0,0.0,0.0,0.0,0.0,0.0,0.0,0.0,0.0,0.0,0.0,0.0,0.0,0.0
2,0.0008743586382777617,0.0008670431767649984,0.000851460551614753,0.0008385154473887096,0.0008280019423338845,0.0008346578475142369,0.0008375504466645904,0.0008401235899442474,0.0008423335284431946,0.0008442834619696306,0.0008459160610766417,0.0008471827609651795,0.0008474966643968746,0.0008479185579682395,0.0008485701755932074,0.0008494751106145716,0.0008505988295592914,0.0008518501427798662,0.0008530801431458716,0.0008541222884755795,0.0008548199890347661,0.0008549934508831903,0.000854564489299575,0.000853571318218694,0.0008521380349094545,0.0008503277821154421,0.0008482105386224932,0.0008458490272055078,0.0008433251354254024,0.0008406860220539128,0.000837986614918992,0.0008353219194371159,0.0008327932214661168,0.0008305209697284485,0.000828563263270275,0.0008269734030245999,0.0008257599846626615,0.0008248878460482166,0.0008243166381932511,0.0008239963438871164,0.0008238839817129686,0.0008239624200013368,0.0008242020672613495,0.0008245564915743654,0.0008249728516357544,0.00082541941856073,0.0008258451701041647,0.0008262074043928806,0.0008264483595182508,0.0008265294202567187,0.0008264270303875344,0.0008261264068015415,0.0008256258532225848,0.0008249282215179106
3,0.0021063184980672804,0.002104579422887329,0.0020870294605854186,0.002049584641188398,0.002018453391424683,0.0019931897771534694,0.0020091648292547507,0.002016103473095895,0.0020222797431616738,0.002027578033057441,0.0020322515682530706,0.0020361626704602665,0.0020392001064242905,0.0020399433709574325,0.0020409514132440857,0.002042511257846512,0.002044674150290563,0.0020473679342283596,0.002050368154834522,0.0020533171326856427,0.002055809373949087,0.002057479712904334,0.002057890867862403,0.0020568550719262486,0.002054469589260689,0.0020510215406203034,0.0020466680609915132,0.0020415772237273836,0.0020358996731599027,0.0020298374222947465,0.002023493033653679,0.002017003803698188,0.00201060316737294,0.0020045239188594597,0.001999060657808618,0.0019943581030872925,0.001990544238685975,0.0019876294579423085,0.001985534462524053,0.0019841623387846755,0.0019833929439259245,0.0019831230328795604,0.0019833114536040573,0.0019838871223990754,0.0019847385017070967,0.0019857386578882173,0.0019868113729769317,0.001987834084460996,0.00198870421741314,0.001989283021489244,0.001989477739275473,0.001989231786301383,0.0019885096510051502,0.0019873072565897744
4,0.0024203552109136385,0.0024366852929739308,0.0024346783187468943,0.002414398357012154,0.0023711825145979193,0.0023352443597887402,0.002306077104222595,0.0023245048454599367,0.0023325015925128615,0.0023396181162760074,0.0023457271957284457,0.002351108899855923,0.0023556166831719726,0.002359116063691569,0.0023599614423116806,0.002361118603320048,0.0023629125770588785,0.002365402487551832,0.002368505040311762,0.0023719611826976917,0.002375358128130158,0.0023782279312625993,0.002380149205584366,0.0023806173540822577,0.002379422042806172,0.0023766628716854325,0.0023726775063287143,0.002367653530789988,0.002361772340628835,0.0023552140528311873,0.0023482179395653445,0.0023408900001281024,0.0023334009475487667,0.00232600798445189,0.002318991905042925,0.002312686651799767,0.0023072592783166374,0.002302857526897984,0.0022994934211095545,0.002297075459357531,0.002295491801264064,0.0022946037898737837,0.0022942922666316936,0.0022945097362072142,0.0022951741553397663,0.002296156789352148,0.0022973111341902308,0.0022985492208863418,0.002299729592383888,0.0023007338617516255,0.0023014018909268325,0.002301626625076807,0.0023013427576550564,0.0023005093019007362
5,0.0023323146968749035,0.0023785164529578746,0.0023945062950945,0.0023925452882035177,0.0023726509484362844,0.002330275691014937,0.0022950331413891007,0.002266427765304997,0.0022844851036318446,0.0022923200049831485,0.002299291664871752,0.0023052753984059604,0.002310539797191367,0.0023149532968039705,0.0023183780628865825,0.0023192007835454555,0.002320329164384132,0.002322081854133252,0.002324516800011406,0.002327558462279793,0.0023309405940141747,0.0023342646328328377,0.00233707183720277,0.0023389491277482815,0.002339408066262381,0.002338230072875787,0.002335525185044404,0.002331612038356354,0.002326680715080813,0.0023209151353785285,0.0023144796155224563,0.0023076208847253536,0.002300430741274201,0.0022930885721212236,0.002285840498266539,0.002278961821149327,0.00227277996578479,0.002267458746085045,0.0022631430452562666,0.002259844678925267,0.0022574739536925298,0.002255921227119711,0.002255050557907416,0.0022547451181019256,0.0022549583409444593,0.002255609784755934,0.00225657322747437,0.002257705024970135,0.0022589189256784353,0.0022600762358095804,0.0022610608821998987,0.0022617158572690197,0.0022619361996393545,0.0022616578795694683
6,0.0021849086334911915,0.0022086408523766133,0.002252281615685789,0.002267394407030683,0.0022655172116156966,0.0022467158605642386,0.0022066735391592074,0.0021733737749468724,0.0021463381458861844,0.0021633955931524397,0.0021707875990419102,0.002177369352486631,0.0021830174999255196,0.002187985865060977,0.0021921501730905375,0.002195380228613609,0.002196157550026178,0.0021972178971553843,0.0021988680795790834,0.0022011628300801006,0.0022040365620727507,0.0022072261280407395,0.002210360755159798,0.0022130128959799967,0.0022147806230977383,0.002215208345281564,0.0022140954401661367,0.0022115341562600524,0.0022078372062490606,0.0022031724955374242,0.0021977253817290266,0.0021916452597377173,0.0021851595115747764,0.002178366293133411,0.002171429342583602,0.0021645811961928316,0.0021580819742901686,0.0021522410598814865,0.0021472132587543433,0.002143135492425191,0.0021400189493393012,0.002137778898459324,0.002136311752516663,0.0021354890694635733,0.0021352004633684663,0.0021354019348742404,0.0021360174751831086,0.002136927817531922,0.0021379972335483152,0.0021391442248421375,0.002140237742252042,0.002141168111459124,0.0021417869809965038,0.002141995176804541
7,0.0023738211042142955,0.002286871798419625,0.0023116414486472367,0.0023572212238996354,0.002372968252019454,0.002371001976213998,0.002351365902330172,0.002309550763451434,0.0022747733262811908,0.0022465411079200604,0.002264347865784765,0.0022720610042193446,0.00227892787238164,0.0022848197147350624,0.0022900016167322302,0.0022943438498090347,0.0022977105069715465,0.0022985161263045714,0.0022996232707588357,0.0023013402482580728,0.002303730203959786,0.0023067306954798546,0.0023100548558097306,0.0023133276895291022,0.0023160906401657176,0.002317936276804406,0.002318376730455239,0.002317214783996048,0.0023145345254437216,0.0023106746442609605,0.0023057982549598626,0.0023001109931826383,0.0022937627363302307,0.002286984918820787,0.0022798919559187908,0.0022726488109220807,0.0022654982828801237,0.0022587119878620214,0.0022526129963415997,0.002247362983064753,0.0022431049508923983,0.002239850609352903,0.0022375115006630984,0.0022359794695544686,0.002235120400851183,0.0022348190299137155,0.0022350294123808226,0.002235672177090625,0.002236622780906649,0.00223773949129904,0.0022389372048143854,0.002240079076948055,0.002241050584423095,0.002241696817516399
8,0.002453804443878163,0.0024349465788751396,0.002345970749128556,0.002371344246500505,0.0024179416332021845,0.002434047692066559,0.0024320292582472804,0.0024119309162468922,0.00236914256252824,0.0023335468220932972,0.0023046534415233776,0.0023228714367589626,0.0023307590272893474,0.0023377803669265176,0.0023438037449259467,0.0023491004834401423,0.002353543996441444,0.0023569830007311356,0.0023578012416655266,0.0023589341812665135,0.0023606849876470484,0.0023631305957587984,0.0023661947408493557,0.0023695962474310603,0.002372938976113644,0.0023757661621241735,0.0023776484400410748,0.002378099128056078,0.0023769101817426508,0.0023741613914737836,0.002370211796419916,0.002365215827463407,0.0023593962897036596,0.0023529003000648716,0.002345964656425998,0.0023387064218925615,0.002331294392837117,0.002323977028159286,0.0023170322918277223,0.0023107908200625847,0.002305418094876205,0.002301060492913707,0.002297730025254318,0.002295336185481502,0.0022937683010456995,0.0022928891257674145,0.0022925807008370427,0.0022927960076101397,0.002293453816560635,0.0022944266681014613,0.0022955695112267245,0.002296795250053281,0.0022979638379557934,0.0022989580730333856
9,0.0026127382238679132,0.0025510235097367276,0.002531462244865798,0.002439189673823294,0.002465498630596986,0.002513815152328848,0.002530509736059022,0.0025284099479144125,0.002507562080654524,0.002463189507341281,0.0024262665149143063,0.002396298961208205,0.0024151882691768197,0.0024233626836921095,0.0024306447458557127,0.002436885394943087,0.002442378645046733,0.002446980607013329,0.002450540736209383,0.002451389305579406,0.0024525578470599467,0.0024543735289211913,0.002456903335518735,0.002460080971669521,0.0024636084401397267,0.002467068464623118,0.002470000288685854,0.0024719457324796153,0.002472413095085213,0.0024711801590626982,0.002468323183555759,0.0024642274323750614,0.0024590465359169275,0.0024530051247662658,0.002446268550965893,0.002439075936004229,0.0024315486626245698,0.002423861772406359,0.002416272936422887,0.002409070442324587,0.002402597222760206,0.002397024936784227,0.0023925054316218312,0.002389051194460781,0.0023865683775668427,0.0023849422091623555,0.0023840303493329567,0.002383710457871385,0.002383933769278699,0.0023846160334824082,0.0023856250507868827,0.0023868103764086044,0.002388081675934929,0.0023892936971069835
10,0.0027273205602207605,0.002764073850704775,0.0026989569510733344,0.002678317932359385,0.002580949717623136,0.002608706721117907,0.002659683637751604,0.0026772913938511982,0.0026750687303515037,0.0026530645395495263,0.0026062427810835064,0.002567278350963783,0.0025356451857214152,0.002555573913605346,0.002564200672214293,0.0025718789476121794,0.0025784646912557483,0.0025842549464804654,0.0025891045356036305,0.0025928613706611456,0.002593750086242017,0.0025949831774523665,0.0025968923992083547,0.0025995619159803005,0.0026029082355198416,0.002606630440756277,0.0026102814507915164,0.00261336824601044,0.0026154210378585645,0.002615907337281871,0.00261460637798126,0.0026115917645263445,0.002607263185754542,0.002601796356734912,0.0025954214428961027,0.0025883128918209137,0.0025807230020826136,0.0025727798411944096,0.0025646681090861563,0.002556659716262252,0.0025490589012677626,0.0025422275894917395,0.0025363469723386285,0.0025315773366730476,0.0025279318940104934,0.0025253116264437906,0.0025235954243536707,0.0025226330762354266,0.0025222954724148585,0.002522531148577973,0.00252325118904476,0.0025243160726169155,0.002525567023157564,0.0025269087038848636
11,0.002974371749469304,0.002950681124337765,0.0029903064845882422,0.0029200703870506496,0.0028978067082580674,0.00279276015117935,0.0028227009963565303,0.002877689408004815,0.002896676113727174,0.0028942707311949015,0.0028705336305945312,0.002820020626662658,0.002777973266319441,0.002743840509190758,0.002765337191964564,0.002774645398440225,0.0027829229036724613,0.002790021411059665,0.0027962686890852908,0.0028014937520490996,0.002805547004821466,0.0028064985695662363,0.0028078289358604066,0.0028098814796363777,0.0028127615472705626,0.0028163717743656357,0.0028203801612607968,0.0028243190241660195,0.0028276417871005454,0.0028298563841362284,0.0028303810131675585,0.0028289701291812053,0.0028257179053506475,0.002821048111653192,0.002815142965338986,0.0028082653961305983,0.0028005962271290532,0.0027924076235122243,0.002783837732275182,0.0027750858115795606,0.002766445229560687,0.0027582442562751964,0.002750880407767289,0.0027445352332622175,0.002739388744182013,0.002735455234547199,0.002732627890635522,0.002730776050319052,0.002729737640911736,0.0027293733533036695,0.002729627657047641,0.002730404607876729,0.002731553655127361,0.002732903471750717
12,0.003212583168229861,0.003132198951407333,0.0031073218821571513,0.0031489080088746312,0.003075179072112441,0.0030517977620194677,0.002941501735737725,0.002972933633181049,0.0030306610345621435,0.0030505864214547635,0.0030480611486215546,0.003023132246982851,0.0029700960771854097,0.0029259365245476857,0.0028900924544617394,0.002912659815930855,0.0029224344657488932,0.002931119096843933,0.0029385654724768022,0.0029451254114472155,0.002950604305112483,0.002954860295530519,0.0029558518209965414,0.0029572487119643395,0.002959396236813899,0.0029624202786436506,0.002966203270531947,0.0029704119497799704,0.002974539868802292,0.0029780285887482773,0.002980353780890027,0.0029808968482699268,0.002979415516627705,0.0029759931527636287,0.0029710901471387005,0.0029648900232278233,0.0029576688006554496,0.002949616296438166,0.002941018245498165,0.0029320196772651217,0.002922829800586472,0.0029137566619629298,0.0029051449811414035,0.002897412217300287,0.002890749061522126,0.00288534459419015,0.002881221117703799,0.0028782519811777385,0.002876307260288437,0.0028752167651686627,0.002874834204626217,0.002875101264465059,0.0028759171868999304,0.0028771238674610445
13,0.0033276758271698365,0.0033033363744975172,0.003220952440881646,0.0031954450524702437,0.0032380605617100787,0.0031624887403202814,0.003138512226431321,0.0030254402730532713,0.003057660376117789,0.003116827628950649,0.0031372454640156166,0.0031346567853618775,0.0031090930361866434,0.0030547194590801,0.003009441704569274,0.0029726794191591533,0.00299581278850941,0.0030058354921297242,0.0030147326492165876,0.0030223599441045797,0.003029085942544439,0.0030346956635305057,0.0030390514507114474,0.0030400680363378966,0.003041492399336935,0.0030436941763103426,0.003046786739260582,0.00305066523023343,0.003054972218780387,0.0030592042491714992,0.0030627729903565343,0.003065156780464478,0.003065705577156199,0.0030641869249583295,0.0030606783200351102,0.003055651717785467,0.0030492952240390057,0.003041891773464418,0.003033635929773743,0.0030248206073633043,0.003015594474086637,0.003006172012198154,0.002996869062280512,0.0029880390923323666,0.0029801101804263668,0.0029732779035437124,0.002967736191463096,0.002963507957764756,0.0029604633671611352,0.002958469215049538,0.002957350997945019,0.002956958711538448,0.00295723256089236,0.0029580692257214075
14,0.003322096554094739,0.003479586563595788,0.003454215507312618,0.003368363146144735,0.0033417698259067307,0.0033861742697160985,0.003307411325214329,0.0032824110357440937,0.003164543515385598,0.0031981189892678727,0.00325979026517622,0.0032810645641674382,0.0032783575941513336,0.003251702113265478,0.003195020044745204,0.003147814948312096,0.003109484441012111,0.003133597074663053,0.003144039087104839,0.00315330728756458,0.003161251301762505,0.0031682554618260557,0.0031741038250406198,0.003178636712848953,0.003179688366938056,0.0031811732799857735,0.003183460471707252,0.003186684452876292,0.003190719517965533,0.003195209435382118,0.0031996129128581273,0.003203324866282238,0.0032058098168025913,0.003206373608328309,0.003204790520932185,0.0032011247634804027,0.003195884836935245,0.003189258498157135,0.0031815406426928343,0.0031729340498206342,0.0031637440395198796,0.0031541175455016743,0.003144294250779536,0.0031345953559620433,0.0031253893914525528,0.003117122703901178,0.003109999255025488,0.0031042212939023837,0.0030998127596195925,0.0030966383164759198,0.003094559101970935,0.0030933931823679656,0.0030929841605817263,0.0030932696926938468
15,0.003586134878914142,0.003631449247266499,0.0038029109707987266,0.003775278000811491,0.0036817960749083787,0.003652835839704318,0.0037011713653335734,0.0036153975443145546,0.0035881593190490134,0.0034597744563853996,0.0034963340204153203,0.003563502338973024,0.003586654960809761,0.0035837066757186077,0.0035546647309917423,0.0034929222620881726,0.003441488177569012,0.003399727033085583,0.003425989570766737,0.0034373571567981407,0.0034474455840407753,0.003456091133222492,0.0034637125858213214,0.0034700836191936288,0.0034750126774657246,0.0034761494082590967,0.003477758086568187,0.003480249585000374,0.0034837526086961704,0.0034881390812823466,0.0034930299000081565,0.0034978175179746092,0.0035018608108169282,0.0035045585267254693,0.003505163601768737,0.0035034392372521287,0.003499437315381922,0.003493729708222783,0.003486502913854303,0.003478096009262494,0.0034687208483320272,0.0034587011752710618,0.0034482146564175542,0.0034375222072054712,0.003426947667402445,0.003416918592908939,0.0034079125990328467,0.003400151951161435,0.0033938570545012092,0.0033890456036595345,0.0033855871012041243,0.0033833218185043,0.0033820515564996698,0.0033816059290679825
16,0.0037198389271000626,0.0037808713050570056,0.003828442019374851,0.004008430422088972,0.00397942116195272,0.003881270611288942,0.00385084979392937,0.0039015834139601874,0.0038115138962766183,0.0037828981450542505,0.0036480548440863706,0.0036864412608360957,0.0037569724661642794,0.003781278485744171,0.003778172227861242,0.0037476612150245617,0.003682810311793869,0.0036287802137493813,0.003584897962733426,0.0036124800521845613,0.0036244130547588627,0.003635001896130887,0.003644074701270595,0.0036520714859814055,0.003658754583547847,0.0036639228552763805,0.0036651168897786105,0.0036667973181128315,0.003669405029454196,0.003673075183494679,0.003677673213384857,0.003682810311793869,0.003687829512632789,0.003692066831618128,0.0036949002859697246,0.0036955263167878817,0.0036937057250134952,0.0036895024691875047,0.0036834982278268385,0.003675907710869354,0.0036670681979285684,0.003657220880890492,0.0036466871331030676,0.003635672066096988,0.0036244313054918037,0.00361332332477889,0.0036027790731347547,0.0035933184045570344,0.003585156876841974,0.0035785439885730203,0.0035734894224416385,0.003569847281769099,0.0035674675133331875,0.0035661242138835657
17,0.0038276779947472176,0.003877649765046132,0.0039410001100594295,0.003990366349435553,0.0041771239832707335,0.004147008536662373,0.004045140894841633,0.0040135637432179554,0.004066202740390022,0.003972708697111197,0.00394299092571777,0.0038029895943983913,0.003842831740478541,0.003916034053488793,0.003941257874391156,0.003938022800235939,0.0039063365264274934,0.0038390027167265286,0.0037828969592211964,0.003737314912340654,0.0037659505128984335,0.003778323842950945,0.0037893103262701534,0.0037987221861171317,0.003807016444163629,0.0038139463884235905,0.0038193032448284306,0.003820533381529258,0.003822268542378763,0.003824966500115925,0.003828777292800393,0.0038335417197556476,0.0038388657576260807,0.003844067273645248,0.0038484568907861034,0.00385138887600258,0.003852038846253873,0.003850138792590012,0.0038457649751625065,0.0038395310790982095,0.003831640374171229,0.0038224528139947506,0.0038122284206400783,0.0038012814810616524,0.0037898441662154894,0.0037781627523221463,0.003766628468735235,0.0037556699318918346,0.003745845791372923,0.0037373612715791257,0.003730494116423633,0.003725235923556376,0.003721453677871215,0.003718973168106294
18,0.0033302902194611503,0.003347857879258446,0.0033913933267909523,0.0034465840838154467,0.003489589621752004,0.003652268295082676,0.003626021883631951,0.0035372749281734855,0.003509749360446506,0.0035555986367916807,0.0034741280622000376,0.0034482202628108418,0.0033262011361510566,0.003360914336886046,0.0034246999048125853,0.003446664957271669,0.00344383664269077,0.003416212760500554,0.003357525561179116,0.0033086192782899528,0.0032688746788103787,0.003293830034524531,0.0033045997279196196,0.0033141683844207016,0.003322364205237006,0.0033295856446615467,0.0033356177157877194,0.003340278506796693,0.0033413422816944076,0.003342846230023948,0.0033451893386348282,0.0033485023552773207,0.003352646488810604,0.0033572782861768327,0.003361803207640267,0.0033656204332514926,0.003368167209411709,0.003368725098824547,0.0033670691364587144,0.0033632486258196345,0.0033578069873900387,0.0033509298456986508,0.0033429138549992046,0.0033339941347904126,0.0033244529385077454,0.0033144758288991363,0.0033042941128037726,0.0032942322205935706,0.0032846720725234002,0.0032761087635003396,0.0032687049448154103,0.003262718970613881,0.0032581274198675543,0.0032548304589001364
19,0.002586677518035367,0.002572662870485323,0.002586187432589448,0.002619713861529909,0.0026622169555214864,0.0026953280257014218,0.0028205990345250365,0.002800368956788526,0.0027320189724567494,0.0027108082853253266,0.0027461041509713423,0.002683346215323957,0.0026633805300458548,0.0025693827963506814,0.0025961101425121735,0.0026452399173620736,0.0026621477271917887,0.0026599550536877503,0.0026386741517614846,0.0025934531450364172,0.0025557713447056023,0.0025251402403377366,0.0025443631824841697,0.0025526487372659044,0.002560015007271768,0.0025663169223043587,0.0025718743722659876,0.0025765153544169447,0.002580099755227555,0.0025809063189422845,0.002582058497639162,0.0025838571694109295,0.002586403047304482,0.0025895891831856483,0.0025931509604597038,0.0025966303404055847,0.002599564467941631,0.0026015198323277853,0.00260194300065056,0.0026006606952860565,0.002597710910765083,0.002593512276343669,0.002588214322606166,0.0025820324483413508,0.0025751543374191365,0.0025678038586301605,0.0025601110359229212,0.002552260538496547,0.002544508634292233,0.002537136884338112,0.0025305331050456807,0.002524828856756625,0.0025202107297581213,0.002516666948660882
20,0.001758083334523461,0.0017699293128753413,0.001760346188732326,0.0017695721914869763,0.0017924612353791614,0.0018214802059723623,0.0018440818651195062,0.0019296053108683552,0.0019157850821299527,0.001869106914859016,0.0018546157989629806,0.0018787062975512197,0.0018358451993413705,0.001822203999257961,0.0017580084467353427,0.0017762518172499747,0.001809795135779074,0.0018213336250929035,0.0018198313501089083,0.0018052921037000236,0.0017744055230503387,0.0017486625818629467,0.0017277391576660435,0.0017408613791589354,0.0017465122461454493,0.0017515394039950278,0.001755835078601287,0.0017596265610434361,0.0017627875880202413,0.0017652313273393706,0.0017657777698149905,0.0017665602598883289,0.0017677842899608916,0.0017695141728729267,0.001771685767100459,0.0017741138814995924,0.0017764856854961787,0.0017784850711615135,0.0017798159821471218,0.0017801004687595322,0.0017792202097142256,0.0017772011648292702,0.0017743292383088785,0.0017707065498122026,0.001766484648203938,0.0017617827874535476,0.0017567583230464427,0.001751500051321433,0.0017461384365663494,0.0017408397820974223,0.0017358007606550396,0.0017312905184594595,0.0017273903514742307,0.001724231997567762
21,0.0014288155062016352,0.0013995139155534052,0.0014089217961218647,0.001401295525094795,0.0014086236679503822,0.0014268067151751982,0.001449865253549166,0.0014678208774680168,0.001535776144947661,0.0015247875303616891,0.0014876858464304987,0.0014761633226629647,0.0014953000304430454,0.0014612313078569024,0.0014503842108822653,0.0013993563142125779,0.0014138520445519372,0.0014405054769316054,0.0014496698007300426,0.0014484681731478752,0.001436907553903405,0.0014123557952359861,0.0013918918637465943,0.001375255174122932,0.0013856799701264856,0.0013901651740094445,0.0013941579295242586,0.0013975656574208555,0.0014005760228640346,0.0014030851970045892,0.001405020642535429,0.001405451466894051,0.00140606991416711,0.001407039319878122,0.0014084107964904933,0.0014101297956242778,0.001412056212177983,0.0014139378445713292,0.0014155234421440943,0.0014165776995450315,0.0014168002264713113,0.0014160969929715432,0.0014144886425852972,0.001412202421362791,0.0014093230486181265,0.0014059638559827696,0.0014022231932951752,0.0013982261277298183,0.0013940467099729337,0.0013897816630122082,0.0013855666658851705,0.0013815580419234569,0.001377973116606752,0.0013748697032722752
22,0.0017025796513868467,0.0016657168223925853,0.0016316062108937828,0.001642545953798377,0.0016336639278190803,0.0016421823749486106,0.0016633360325964252,0.0016901587546720583,0.0017110443805602663,0.001790101623222399,0.0017773093699781795,0.0017341322698004261,0.0017207176930798406,0.0017429749466779008,0.001703325913678995,0.001690697117972489,0.0016313085982628942,0.0016481729572855154,0.001679182258190465,0.0016898394003375065,0.0016884321805011383,0.0016749732738860132,0.0016463981853129805,0.0016225796243238542,0.0016032109748275384,0.001615337219860638,0.001620549718274053,0.0016251929422655231,0.0016291511003475945,0.001632650752231156,0.0016355670253357484,0.0016378114063574198,0.0016383087104414181,0.0016390243715614,0.0016401484801035911,0.0016417363844678956,0.0016437328361721384,0.0016459706507654084,0.0016481563140331786,0.001649997429215304,0.0016512201657688738,0.001651474956623195,0.001650652390409044,0.0016487765022064724,0.0016461117541216677,0.0016427567379653633,0.0016388474546203376,0.0016344901054056898,0.001629834368444532,0.001624966418188955,0.0016200028357233826,0.001615093456899699,0.001610424255615319,0.001606252110463707
23,0.001978669697663119,0.0019409742754286643,0.0018990219615810334,0.0018601990161052706,0.0018726362560715951,0.0018625178173069306,0.0018721989439688064,0.0018962593052317025,0.0019267691251731761,0.0019505153890023216,0.0020404388223613794,0.0020258741993096708,0.00197675490340355,0.001961486370980494,0.001986794860889859,0.0019416819425716295,0.0019273070325062426,0.001859730381996302,0.0018789079816090436,0.0019141797750128044,0.0019262962141037407,0.0019246900514641666,0.001909370881607166,0.0018768552642809536,0.0018497459708295186,0.0018276997064395823,0.0018414904810206887,0.0018474176436167554,0.001852692267895867,0.001857191804487985,0.0018611648684005717,0.0018644786614438942,0.001867027861878479,0.0018675843823170385,0.0018683940334597267,0.0018696684315025048,0.001871470544173841,0.0018737374939902377,0.001876274318832683,0.001878756475862763,0.0018808465686857196,0.0018822330459085004,0.001882518191689927,0.0018815775383178445,0.0018794384442033581,0.0018764065349584555,0.00187258452033147,0.001868131873021865,0.0018631694216111588,0.0018578674633356028,0.0018523286447264613,0.0018466763777198853,0.0018410857778258572,0.0018357729745905062
24,0.002119956986248115,0.002237836240166375,0.002195290299640756,0.0021479357474361205,0.0021041045810087362,0.0021181342655818315,0.002106701276008223,0.0021176193706895514,0.002144757311515811,0.0021791777240647474,0.002205961543255656,0.002307407703518807,0.0022909672406466316,0.0022355390985986734,0.0022183024653618143,0.002246845161296695,0.0021959349664907027,0.0021797061254062717,0.0021034393897894866,0.0021250751956100565,0.0021648684294137206,0.0021785316239439157,0.002176713365616573,0.0021594190114299573,0.0021227209527563415,0.002092117444151629,0.0020672274918304284,0.0020827888684992564,0.002089468716183504,0.002095417027532237,0.002100485165045819,0.00210496419078201,0.0021086990512194886,0.0021115656278018926,0.0021121884509098013,0.002113096953138083,0.0021145299591746594,0.0021165585215216815,0.0021191116617068897,0.0021219693357716154,0.0021247652691063178,0.0021271186965999217,0.0021286780342142553,0.00212899446737236,0.0021279275521549398,0.002125508175338001,0.002122081244991417,0.0021177626668043986,0.002112737684441978,0.00210713205451545,0.0021011432641377123,0.0020948871484987946,0.0020885081430119215,0.002082193522018684
25,0.002288034560721369,0.0023020739370283746,0.002429739167490808,0.002383648090732021,0.002332343025323861,0.002284850868167869,0.0023000355824167986,0.0022876418051532618,0.0022994546796588056,0.0023288402726323234,0.0023661127429342086,0.0023951090715761624,0.0025049489256193523,0.0024871369612203594,0.002427103367787378,0.0024084268382985018,0.0024393299887265196,0.002384185771049307,0.0023665999043899475,0.0022839825783021687,0.002307411449933093,0.0023505026017602453,0.0023652911126121772,0.0023633154521395445,0.0023445754792780207,0.0023048147004424784,0.0022716597228472656,0.00224468758293561,0.0022615362927508108,0.002268767673756473,0.002275206354491223,0.0022806856927970695,0.0022855323419179348,0.002289572727556255,0.002292666706185063,0.0022933356922503444,0.0022943141436942796,0.0022958607680636663,0.0022980525205868775,0.002300812495090228,0.0023039023119097737,0.0023069251989439096,0.0023094687049660975,0.0023111520038862163,0.002311488958170012,0.002310327461378065,0.0023077009823782753,0.0023039831272947298,0.0022992994385245247,0.002293856284721339,0.0022877784004912056,0.0022812854473989075,0.0022745085195671295,0.0022675927842035807
26,0.0026578877441263467,0.0026808043796197486,0.0026971916883035897,0.0028463055799331474,0.002792456336682765,0.0027325089445632738,0.0026770039783569075,0.0026947356217867004,0.002680238952221702,0.0026940231910591366,0.00272834009407308,0.002771868348961328,0.002805723075664714,0.002933987576255338,0.0029131683785307426,0.002843054140505445,0.0028212297334894824,0.0028573059620537375,0.0027928895588672964,0.002772337899108477,0.002675816904543462,0.0027031722025793146,0.002753503649757571,0.002770766242700759,0.002768444026387117,0.0027465441518315526,0.0027000908866966727,0.002661352031535966,0.002629828714019897,0.0026495035486997064,0.0026579466074364766,0.0026654566543115516,0.0026718521626134467,0.002677508305937712,0.0026822156621428843,0.0026858238385913465,0.0026865987599073997,0.002687735228659569,0.0026895354890534083,0.0026920827213966344,0.002695300457200874,0.002698903484934973,0.002702428259247098,0.0027053929399087056,0.0027073526521639696,0.0027077395050581717,0.0027063758317838445,0.002703307509011721,0.002698957435085469,0.00269347904030774,0.0026871133943076747,0.0026800128480414906,0.002672420668520416,0.00266449668146728
27,0.0036187698909059497,0.0033947330090370142,0.003423880961983116,0.0034447153151727036,0.003634410510177895,0.003565880363576309,0.0034895893672942683,0.0034189418101245902,0.0034414863014033343,0.0034230172735860128,0.0034405452893744343,0.0034841958209196095,0.0035395539768044745,0.003582604859537919,0.0037457294972723814,0.003719238064978271,0.0036300449435043357,0.003602269265376994,0.003648137665704447,0.0035661835526642426,0.0035400247235692016,0.0034172029731326594,0.0034520006450624594,0.003516023367094276,0.003537970652129766,0.003534997833310599,0.003507132101484834,0.0034480105191869886,0.0033987091994607645,0.003358579043181462,0.003383604342214418,0.0033943417285322575,0.003403882985250853,0.0034120138802725413,0.0034191951864438732,0.003425177312103219,0.003429760522361287,0.003430738161042421,0.003432175876619177,0.003434449754455491,0.0034376826474089013,0.003441768705395731,0.003446344967079577,0.003450821565519473,0.0034545853871836116,0.003457070383827996,0.003457553992839635,0.0034558101819488277,0.003451897335826278,0.0034463535482739697,0.003439382567511365,0.0034312739733492617,0.0034222301726644,0.0034125606868057354
28,0.004609914728128355,0.004488599287985665,0.004211912095333552,0.004247884296510368,0.004273592554343238,0.004507795677455848,0.0044231683485549955,0.004328940493149383,0.00424166720256262,0.004269487095156119,0.004246649878251609,0.004268282350824756,0.004322169860822085,0.0043904978201910715,0.004443627932811264,0.004644957043822102,0.0046122451163158945,0.004502134731860835,0.004467828642508563,0.004524424983634554,0.004423236423306866,0.00439092264937514,0.004239237565178048,0.004282199360955683,0.004361238420666539,0.0043883190683430455,0.004384636871826661,0.004350214162294188,0.004277186008791989,0.004216288926424388,0.0041667044647800185,0.004197599220224108,0.004210852725090241,0.004222617907801458,0.0042326509072363,0.004241510704267096,0.004248878629398138,0.0042545289848822014,0.004255725976718933,0.004257491192862234,0.004260289115239585,0.004264260897072356,0.004269296827155206,0.004274938067214391,0.004280456101730412,0.004285093752687137,0.004288152006959418,0.004288738582069118,0.004286574383172429,0.004281731517902851,0.004274885078245339,0.004266265398786736,0.004256240680203987,0.004245060837052896
29,0.0052758601600080965,0.005325357783004692,0.005185946251202721,0.004867869233597887,0.004909194468523153,0.004938723585250228,0.005207875453921017,0.0051106011734089575,0.00500226941404596,0.004901912277020694,0.004933868589055495,0.004907582352365326,0.004932422455158702,0.004994347442911452,0.005072863301232225,0.005133896271139146,0.00536516388828605,0.00532756790416916,0.005201044894552473,0.0051616053611834665,0.005226605689692842,0.005110314256608577,0.005073158879949012,0.004898782539591263,0.004948156618198343,0.005038985835412022,0.0050700891112230445,0.005065843804421458,0.005026262528975536,0.0049422948717621484,0.004872275059595421,0.004815243620261694,0.004850748279690805,0.004865976704299985,0.004879481285058498,0.00489100551681679,0.004901168452392093,0.004909627754868242,0.0049161121029354165,0.00491746415900999,0.004919481552945536,0.004922686206331893,0.0049272403575412885,0.004933017819378283,0.004939491037160156,0.0049458102518749845,0.004951129431879152,0.004954632878406732,0.004955294924836396,0.004952794788401635,0.004947227582035978,0.00493934483745553,0.004929423520159984,0.00491788682906295
30,0.005675743495144287,0.005522640043327276,0.005574109222864956,0.0054289822088689306,0.005097736298301678,0.005140743680858855,0.005171469703963322,0.005451660424232218,0.005350373409697012,0.0052375486736489,0.005133006631197806,0.005166259902287908,0.005138851084221976,0.005164690149217867,0.005229154437319197,0.005310872533860996,0.005374384652582409,0.005615034938675841,0.005575893508787768,0.005444197180137342,0.0054031240143859035,0.0054707491386429006,0.005349680827578027,0.0053109795919855955,0.005129383999610161,0.005180774543598507,0.005275328564267026,0.0053076895276962304,0.005303255735867097,0.005262026682983719,0.005174567601218232,0.005101635385956983,0.005042211725223406,0.005079174327593522,0.005095012944505093,0.0051090675393736205,0.005121046435659369,0.005131619433437567,0.005140405167197879,0.0051471462129712535,0.005148541819082055,0.005150617767911273,0.005153942770395014,0.005158673171933279,0.005164677493796417,0.005171393572888678,0.005177961768944198,0.00518348839185434,0.005187124047635108,0.005187800714518023,0.0051851843967846735,0.005179374138136819,0.00517115250593933,0.005160807845839595
31,0.005285428388182322,0.0054304679467545875,0.005284753303815617,0.005333691997709389,0.005195532640847168,0.004880119423338174,0.004921044818452202,0.004950266589777014,0.005216976868627896,0.005120539917131734,0.005013095992595158,0.004913519300347303,0.004945147052447075,0.004919027008354331,0.004943603611989263,0.005004952907582426,0.005082721627614304,0.005143155157723941,0.005372119295671667,0.0053348568902337285,0.005209510179736943,0.00517039766833955,0.005234730438881657,0.005119479656859008,0.005082619690816824,0.004909699772387107,0.004958608484179012,0.005048611440611447,0.005079398047600006,0.005075151218735664,0.005035883132161196,0.004952600457561741,0.004883128447135525,0.0048265152281573125,0.004861699815617801,0.004876762162243053,0.004890136431896594,0.004901521489517937,0.004911579046882513,0.004919922281941513,0.004926330002914137,0.004927635108349993,0.004929600056675852,0.004932742435036701,0.004937235067649132,0.00494294071081154,0.004949323992601473,0.004955554198546403,0.004960804561215073,0.004964254262846513,0.0049648864180798,0.004962383054774008,0.0049568384791457126,0.004948997792593173
32,0.00445912262704274,0.004723078061523575,0.004851989326176598,0.004722404027627485,0.004765883696740314,0.004642999750571435,0.004362383839510198,0.00439876954737763,0.004424735122914638,0.004661933585627582,0.004576141338672597,0.004480540080668575,0.004391922924329431,0.004420028415162945,0.004396771739312396,0.004418601190667223,0.004473161878215087,0.004542300762280482,0.004596029465816214,0.004799579376018583,0.004766432883909265,0.004654958195267507,0.004620157442114455,0.004677329232239538,0.004574830014623176,0.004542017365136335,0.004388184874254956,0.004431673720597389,0.0045117066984987205,0.004539072129776947,0.004535271632301,0.004500327388653417,0.004426230900177037,0.004364402841738035,0.004314011601021844,0.004345302633284455,0.004358685443181125,0.00437056553534291,0.004380685653489629,0.004389613688493835,0.004397016054570369,0.0044027067110830095,0.004403846610418523,0.004405584227512029,0.004408358726480549,0.0044123451737369465,0.004417410753845823,0.00442306836160343,0.004428600385503061,0.004433260582580839,0.004436307950116867,0.0044368595171782755,0.004434621654773929,0.004429678263137577
33,0.0036320434229844146,0.0038457540614119465,0.004072390695886152,0.0041830272746843445,0.004071748598728753,0.004109038611093112,0.004003512898813085,0.003762461615231922,0.0037936948000264364,0.003815970973303661,0.004019643532288783,0.003945949664776406,0.0038638177918513456,0.0037876835884206365,0.0038117973445030012,0.003791795423167818,0.003810524913579398,0.003857355782835749,0.003916712849887561,0.003962824745100518,0.0041375416735570545,0.004109070765878679,0.004013355654678155,0.003983447651516412,0.004032515989856231,0.003944487338301343,0.003916294146945914,0.0037841532636856416,0.0038214882449902174,0.003890200800058719,0.00391368657283818,0.003910402863069859,0.003880378560982007,0.0038167198682280733,0.0037636032315076463,0.0037202990845555993,0.0037471663281906436,0.0037586462775247007,0.003768834747781283,0.0037775108481749604,0.003785162555501731,0.003791503380138966,0.0037963735949906067,0.003797343647471374,0.0037988179777402645,0.003801182957804588,0.003804598117545254,0.0038089309641817057,0.003813781449199681,0.003818514713453461,0.0038225082778625442,0.003825116472143345,0.003825571646307907,0.003823640224117755
34,0.0031538699909470723,0.0032347505366020785,0.003424375174099272,0.0036253756348970712,0.0037234526234189726,0.0036247498922176934,0.003657786713419377,0.0035641686025558025,0.0033502987975826642,0.0033779836278525076,0.0033977237981898116,0.0035783723415253226,0.0035129835502826813,0.003440098256570473,0.0033725265176078522,0.0033938964897527687,0.0033761275260906554,0.0033927262539873845,0.0034342459786659216,0.0034868752314862216,0.0035277541253677354,0.0036826682485884203,0.0036574064001246957,0.003572503118934768,0.00354596170505129,0.0035894544546657926,0.00351137045319511,0.003486339573357051,0.0033691025836286607,0.003402209513289581,0.003463145533915603,0.003483957026368083,0.0034810264776158,0.003454379777305467,0.003397887901383187,0.0033507535665307808,0.0033123155892295373,0.003336135366738916,0.0033463069223698973,0.0033553320593186853,0.003363014862714625,0.003369788428211233,0.0033753986120141828,0.0033797037605594973,0.0033805563619420838,0.003381848263258117,0.003383930381648979,0.003386944227990901,0.0033907803771198756,0.003395067533083612,0.0033992587820886482,0.0034027854616957005,0.003405082966284802,0.0034054785487221385
35,0.0028794203479962917,0.002872486453637315,0.002945896241175409,0.0031179982355139676,0.0033003549263453404,0.003389296969191374,0.003299727635542948,0.0033296688705093734,0.0032447149513661643,0.003050607911077398,0.003075709994407634,0.0030936039139851895,0.003257491978569344,0.003198148520875262,0.0031319848239561797,0.0030706375010973548,0.0030900099793007814,0.003073862844895389,0.003088902976100757,0.0031265653738497476,0.003174299845038443,0.00321136328386622,0.0033518649834301216,0.0033289354993771064,0.0032519015012469304,0.003227798877378046,0.00326723445661983,0.003196382040799142,0.0031736489913194933,0.003067257800617686,0.0030972808890048858,0.0031525516096108167,0.003171416162414774,0.0031687409114397676,0.0031445496220373456,0.0030932761701437774,0.003050484770089502,0.0030155919313084945,0.0030371935416384672,0.0030464050152571994,0.003054582729567226,0.003061541755100658,0.0030676752780277126,0.0030727526799813284,0.003076645453963128,0.0030774045517534855,0.003078562344050787,0.0030804373061906424,0.0030831652410810008,0.0030866320185868653,0.003090508017917385,0.00309429687387035,0.003097489985615878,0.003099560070701252
36,0.00272089647722013,0.0026636120121090695,0.0026571881139835886,0.0027248742413319865,0.002883554756843216,0.003051629314451325,0.003133571324220956,0.003050996118488319,0.003078566405686892,0.003000232902073727,0.0028212607939324475,0.0028443777640586683,0.0028608502557336507,0.003011909469414983,0.002957183646591291,0.0028961690511561883,0.0028395832898619145,0.002857425337177999,0.0028425109468323026,0.0028563563030856243,0.0028910581811366952,0.002935044522014919,0.002969185538697179,0.0030986459802078785,0.003077492517697228,0.003006480989030781,0.0029842508243899998,0.003020571581233064,0.002955253863382426,0.0029342852698984773,0.0028361888106494815,0.0028638494976135588,0.0029147815346145444,0.0029321542336088716,0.0029296731345323733,0.002907353327441902,0.002860073954068074,0.002820612699769387,0.002788426634373347,0.0028083287513593885,0.0028168036571999066,0.0028243315922099354,0.0028307287420653742,0.0028363711757170497,0.0028410328102211287,0.0028446087408890053,0.0028452950992286607,0.00284634906585314,0.0028480642792973526,0.002850565929746116,0.002853748752297862,0.0028573088010251614,0.0028607884109522613,0.00286372555125396
37,0.0024984479619275485,0.002473758119742015,0.002421779849975992,0.0024159285770403165,0.002477288452921232,0.002621126722197111,0.002773428990172131,0.0028476514905758053,0.0027728052252435514,0.00279776020055468,0.002726747560430116,0.002564503847251987,0.0025854353048211627,0.002600344771108654,0.0027372319552612795,0.002687610196547953,0.002632287651346919,0.002580976098877598,0.0025971265457414676,0.0025835882486795235,0.0025961135531571873,0.0026275509590447488,0.002667390428882429,0.0026983118681921606,0.0028155926308930487,0.002796411687767566,0.0027320484957316375,0.0027118822734763484,0.002744773283168622,0.0026855677879001907,0.0026665512619517993,0.002577627996482517,0.0026026778252300478,0.002648823558645791,0.0026645472668388186,0.0026622849369753133,0.0026420376246024356,0.0025991735849440474,0.002563394999696375,0.0025342050218085843,0.0025522329454711504,0.002559899026675605,0.002566706205709846,0.002572487897973858,0.002577591252400173,0.0025817991240079455,0.002585028725908626,0.0025856386422419115,0.0025865756398163633,0.0025881182321543894,0.0025903737240382564,0.0025932466610212516,0.0025964614860295296,0.002599603312618446
38,0.0022886664478089305,0.002274601305734491,0.0022521547356182813,0.0022049175801918575,0.002199579105316576,0.002255291627290106,0.002385890340825267,0.0025241313655481705,0.002591471949305477,0.002523513283458077,0.0025461400979164338,0.002481659188393574,0.002334340738400313,0.0023533253933810468,0.002366837374165918,0.002491088454777943,0.002446023370880631,0.002395775964408693,0.002349173527931513,0.0023638175545157964,0.002351501907964854,0.0023628578051373183,0.0023913806083677505,0.0024275258097858545,0.002455573288010974,0.0025619975521008432,0.002544574959237773,0.002486143074005326,0.002467817649370171,0.0024976541288966444,0.0024438964886111915,0.0024266207719563534,0.002345881480956165,0.0023686053368477886,0.0024104799569393204,0.002424735461332752,0.0024226691531512383,0.0024042705502602866,0.002365349121067002,0.002332854552784229,0.0023063371170161653,0.002322689394418045,0.002329635481244641,0.0023358012445381096,0.002341035455630211,0.0023456534408949964,0.002349463625805009,0.0023523797367045094,0.002352922417120378,0.002353762106791505,0.0023551461025264784,0.0023571830281065623,0.0023597805802928226,0.0023626828760250694
39,0.002099161001503521,0.002100029044609463,0.0020871312322265165,0.0020665579384881324,0.0020232802255560956,0.002018374563237648,0.0020693617413298842,0.002188900835647186,0.002315393185908805,0.002376990407574917,0.002314785904459011,0.0023354637775833452,0.002276440424566702,0.002141587326642868,0.00215894145827914,0.002171291880438678,0.0022849835421486914,0.002243722226297793,0.0021977172116560933,0.002155046530716014,0.002168432838853806,0.002157138113808638,0.0021675176744909257,0.0021936018449104093,0.0022266628762139516,0.002252311237875086,0.0023496680431660936,0.0023337070504667167,0.0022802320079970155,0.002263443303188847,0.0022907300597733516,0.002241520253041821,0.0022256979120975694,0.0021517970452309782,0.002172573640922188,0.0022108821559664424,0.002223911939220853,0.002222003902490536,0.002205154287468036,0.0021695196299330514,0.0021397675135291405,0.0021154870005378043,0.0021304399964848057,0.0021367848841158427,0.0021424100298606864,0.0021471871007624622,0.002151399822357723,0.002154877948996563,0.0021575323379372092,0.0021580137939271964,0.002158772266659934,0.0021600238864482773,0.0021618783325487606,0.0021642408048532552
40,0.0018037807866165942,0.001858864605855268,0.0018596110361789298,0.001848193090271511,0.0018299895637756373,0.001791716516882053,0.0017873647386532907,0.00183240734456243,0.0019380230612934452,0.002049757567844124,0.002104148722023234,0.0020491789717191023,0.00206742780103247,0.0020152677118569907,0.0018961049712715632,0.0019114195718569402,0.0019223130469506727,0.002022739479297085,0.00198626726594333,0.0019456082695972574,0.0019078895774303493,0.0019196980974328364,0.0019097027265738546,0.0019188569666762339,0.0019418854698911164,0.0019710744336338386,0.0019937175128064725,0.0020796894539518965,0.002065578244617603,0.0020183316791678695,0.0020034828135763066,0.0020275695342657153,0.0019840909125483958,0.0019700961683496022,0.00190480025384425,0.0019231388517703075,0.0019569673612087023,0.0019684598678565406,0.001966763876454422,0.001951862092936999,0.0019203706178514228,0.0018940770944165669,0.0018726146140829116,0.001885810157725662,0.0018914007139913475,0.0018963593190891922,0.001900568173069118,0.0019042780886105982,0.0019073386289067728,0.001909671046037581,0.0019100829750136124,0.0019107397126699398,0.0019118367915735848,0.0019134620553234148
41,0.0015722794960970152,0.0015738623065587175,0.0016218233700078287,0.0016224554658837642,0.001612493082018868,0.0015966182763638523,0.0015632658147472338,0.0015594575774559411,0.0015986717860280684,0.0016906356272558066,0.0017879084761928126,0.0018352386614744133,0.0017873679383287671,0.0018032374911073957,0.0017578083902105696,0.001654031819733827,0.001667352134192818,0.0016768223163025607,0.001764244197030326,0.001732472491283992,0.001697058766983438,0.001664196825027052,0.0016744636301453911,0.001665745376940838,0.001673702765625019,0.001693737120982996,0.0017191370523458236,0.0017388355154415419,0.0018136598081112494,0.001801358315531019,0.0017602185097755111,0.001747278330337909,0.0017682305632633424,0.0017303674939140186,0.0017181713912538552,0.0016613123157052255,0.0016772620609551722,0.0017067006317242647,0.0017166914198006077,0.0017152056323124219,0.0017022201703986363,0.0016747904963138969,0.0016518880237374406,0.00163318977780519,0.0016446666468867875,0.0016495215607055193,0.0016538257427968633,0.0016574805202096477,0.0016606966270464908,0.0016633508706690894,0.0016653707809924773,0.0016657177693831413,0.001666277987479302,0.0016672217411116443
42,0.001258684768860767,0.0012793217116344418,0.0012805921232967152,0.0013195456866337588,0.001320044603045728,0.001311935574420958,0.0012990236781443554,0.0012719100656550862,0.0012688012396501588,0.0013006496008025267,0.0013753468968213292,0.0014543434839881623,0.0014927682456746024,0.0014538744886438803,0.0014667496653551339,0.0014298359740181237,0.0013455281494766306,0.0013563364877368855,0.0013640136994768253,0.0014350070090267406,0.0014091896538022198,0.001380413486158241,0.0013537069653888323,0.0013620344180267985,0.0013549402873200046,0.0013613899600447182,0.0013776500950778547,0.0013982667700866147,0.0014142540862963652,0.001475005710248511,0.0014650008228979834,0.0014315841407947063,0.0014210600335941494,0.0014380633288016383,0.0014073054511072407,0.001397389745805755,0.00135119921325236,0.0013641436894179042,0.0013880400060501076,0.001396142651382163,0.0013949249674533825,0.0013843685196355089,0.0013620830199914538,0.0013434728572567617,0.0013282760678037491,0.0013375881685729813,0.0013415212651519013,0.001345006628163165,0.0013479640994137668,0.001350568151319708,0.0013527123357234701,0.0013543441682057865,0.0013546165231360944,0.00135506213965875
43,0.0010897110136783186,0.0010822318156078644,0.001099942241791228,0.001101019772380802,0.001134459050930172,0.0011348722728919975,0.0011278959400928856,0.0011167959419347369,0.0010934992290484587,0.0010908169221461503,0.0011181530654209917,0.0011822780883548212,0.0012500811344685584,0.0012830504576223762,0.00124965273215152,0.001260690506679387,0.0012289902246118637,0.0011566005451506035,0.0011658672427101594,0.0011724480862674023,0.0012333780567916148,0.0012112041020706345,0.001186489702216862,0.0011635524885995363,0.0011706887254500109,0.0011645874792803029,0.0011701127155092485,0.0011840610901885987,0.0012017482690137547,0.001215459628281513,0.001267588714582666,0.0012589913542378319,0.0012302986804951926,0.0012212551270784524,0.0012358396482077363,0.0012094305863646604,0.0012009098127175558,0.0011612496471720619,0.0011723531523301232,0.0011928521245518548,0.0011997975881773834,0.0011987428814257512,0.0011896724693304375,0.001170535624015723,0.0011545525235276137,0.0011414985343455274,0.001149484191643796,0.0011528518211115025,0.0011558320253698118,0.0011583641203954586,0.0011605898477917121,0.0011624205132769146,0.001163813815183435,0.0011640394756946741
44,0.0008937029439035823,0.0008657947041277312,0.0008598441269077102,0.0008738919769551394,0.0008747347017997889,0.0009012640568172124,0.0009015799747767639,0.000896031847538367,0.0008872109192506557,0.0008687073569350296,0.0008665680915132764,0.000888253065225901,0.0009391316395481012,0.000992921559152838,0.001019069872177411,0.0009925585580115965,0.0010013034553455612,0.0009761402402496759,0.0009186875732801897,0.0009260317294967518,0.0009312417884388491,0.0009795766217471533,0.0009619716286361711,0.0009423528517906758,0.0009241426505983941,0.0009297955579131065,0.0009249428706474598,0.0009293181604995559,0.0009403740474822129,0.0009543981398575256,0.0009652659056110474,0.0010066117924497733,0.0009997798885597322,0.0009770086707177677,0.0009698250329243488,0.000981386422192484,0.000960426095278612,0.0009536578126766003,0.0009221829478006474,0.0009309845491274805,0.0009472366447453611,0.0009527398217177112,0.0009518931212684257,0.000944689128324677,0.0009294993369639537,0.0009168111090791356,0.0009064484309694059,0.0009127741040974557,0.0009154393283077308,0.0009177947034478817,0.0009197963684286748,0.000921554729647146,0.0009229993876378999,0.0009240967783333987
45,0.000738161253927887,0.0007434464865472663,0.0007202371587513109,0.0007152803914047605,0.0007269469975610785,0.0007276370820053868,0.0007496767724537943,0.0007499293333224666,0.0007453065519438242,0.0007379651475270642,0.0007225750815749636,0.0007207882469690681,0.0007388005797695477,0.0007810733564707421,0.0008257618009335576,0.0008474776982928428,0.0008254367218077002,0.0008326929039877837,0.0008117754868569745,0.0007640243244007645,0.00077011825530762,0.0007744381126506266,0.0008145894324429383,0.0007999526795856569,0.0007836422306683514,0.0007685011670413598,0.000773188944628984,0.0007691486429561584,0.0007727752878082176,0.000781950977541351,0.0007935945005839029,0.0008026157378684001,0.0008369538206247673,0.0008312701744924725,0.0008123436231722152,0.0008063675442651449,0.0008159637836822095,0.0007985414261790806,0.0007929110350361667,0.000766755158614417,0.0007740599888549667,0.0007875521908372667,0.0007921167538177148,0.0007914049944981835,0.000785412936034742,0.0007727863129125488,0.00076223957671012,0.0007536229154468519,0.0007588721353382229,0.0007610775390624976,0.0007630287816849262,0.0007646840663528482,0.0007661369884315659,0.0007673308441168427
46,0.000586333016323565,0.0005845880807355974,0.0005887616829349635,0.000570383286997348,0.0005664515849509784,0.0005756764496216409,0.0005762131110438764,0.000593645613328637,0.0005938375546168756,0.0005901697705055257,0.0005843516033333162,0.0005721639856421159,0.0005707415798854049,0.0005849870715767319,0.0006184276070429997,0.0006537767951557522,0.000670948810290168,0.0006535009729190821,0.0006592326733553286,0.0006426750329585536,0.0006048876054462771,0.0006097010841256257,0.0006131102161043056,0.0006448670603572611,0.0006332793981532259,0.0006203687679569209,0.0006083811287680351,0.000612082751662856,0.0006088781451032848,0.0006117405432236152,0.0006189918400000782,0.0006281954263115202,0.0006353244860980631,0.0006624784348526994,0.0006579742351725534,0.0006429964548482789,0.0006382624957778304,0.0006458453808207662,0.0006320574100122722,0.000627595915411836,0.0006069006660975703,0.0006126719546700227,0.000623337464119524,0.0006269409837506401,0.0006263713275751628,0.0006216255740132252,0.0006116314082986106,0.0006032839158074898,0.0005964617167289559,0.0006006079335873579,0.0006023469420391408,0.0006038832382444938,0.000605186576205349,0.0006063310844765279
47,0.0005248676139870756,0.0005259485008045247,0.0005243741882271423,0.0005281055247078456,0.0005116197101052559,0.0005080866679518823,0.000516346619498469,0.0005168192490434615,0.000532436169436824,0.0005325986577888473,0.0005293019395611566,0.0005240783393795763,0.0005131445483813402,0.0005118607093087842,0.0005246213824540171,0.0005545841584679875,0.0005862563342182327,0.0006016346137758414,0.0005859893958379123,0.0005911168068105931,0.0005762706445698691,0.0005423987098483781,0.0005467031550342059,0.0005497508465804615,0.0005782001286315533,0.0005678079407298366,0.0005562312154100954,0.000545481119084158,0.0005487895696935086,0.0005459102796049714,0.0005484681495778359,0.0005549582401829495,0.0005631964463819229,0.0005695768478073627,0.0005938979843444477,0.0005898544999574533,0.0005764278178117666,0.0005721784821885619,0.0005789659412188289,0.0005666054933539204,0.0005626008817545332,0.0005440524464651131,0.0005492160975414796,0.0005587649480432705,0.0005619873808881459,0.0005614696246804312,0.0005572120235238227,0.0005482514689978282,0.0005407676901809241,0.0005346493296169726,0.0005383577123232287,0.0005399096627168705,0.0005412797471061369,0.0005424421340323239
48,0.0004896698131860467,0.0004820382934878425,0.0004830192311813751,0.00048156358785793877,0.00048497865802326435,0.0004698357152023041,0.00046658246519422206,0.00047415413571404174,0.0004745780867980266,0.0004889014619127207,0.0004890406739799095,0.0004860051528914416,0.0004812015949239654,0.0004711581600014399,0.00046997055305834023,0.00048167119369869595,0.0005091562877233203,0.0005382083845678149,0.0005523079234070068,0.0005379424997743955,0.0005426379239054856,0.0005290071238556626,0.0004979197897917226,0.0005018600243659441,0.0005046474229442068,0.000530738902229003,0.0005211969549027437,0.0005105677633187084,0.0005006966978180312,0.000503723263848359,0.0005010731766808405,0.0005034123635749381,0.0005093576245524999,0.0005169067746970252,0.0005227510919710118,0.0005450516641288562,0.0005413349932897331,0.0005290110980857981,0.0005251056276103923,0.0005313235840348238,0.0005199782008698893,0.0005162978479777045,0.000499277830952321,0.000504006889782162,0.0005127575785983154,0.0005157067201533227,0.0005152237332783895,0.0005113129463304019,0.0005030874692523442,0.0004962168561337539,0.000490600041748021,0.0004939947332915661,0.0004954115718787873,0.0004966613464501304
49,0.0004709730509691928,0.0004705214161974105,0.00046317931575106806,0.00046410963327080703,0.00046269917827581095,0.00046596759573864274,0.0004514139581602836,0.00044827840393750647,0.0004555379242746219,0.0004559345673623351,0.00046967733965661907,0.0004697992924788118,0.00046687366083913464,0.0004622506115868645,0.0004525975914896269,0.0004514461386590809,0.0004626706552027561,0.0004890473119696829,0.0005169251868863624,0.0005304481493858187,0.0005166484264760794,0.0005211446262127247,0.0005080490825694662,0.00047819931522495877,0.000481971891235065,0.00048463683362884574,0.0005096705892162653,0.0005005027245108255,0.000490290879210597,0.0004808077576424551,0.00048370329806291857,0.00048115138011953765,0.00048338715287059937,0.0004890839015817172,0.000496320192442182,0.0005019196556552589,0.00052331136307275,0.0005197358454523586,0.000507901374264238,0.0005041448044919035,0.0005101029429060339,0.0004992081136476666,0.0004956694924665219,0.00047932929397442,0.0004838592151456156,0.0004922488318756238,0.0004950700797735937,0.0004946000425014474,0.0004908395314917684,0.00048294017910379794,0.0004763412461357559,0.00047094568765121116,0.00047419554978405266,0.0004755487059462127
50,0.00036931466668307483,0.0003695030091649778,0.0003691376795098729,0.0003633691503958661,0.0003640870207878436,0.0003629710018476533,0.00036552288433174484,0.000354100625574841,0.00035163195360874983,0.00035731407525624136,0.0003576152561402653,0.00036838010309193366,0.00036846564576296253,0.00036616224656792326,0.0003625289924300852,0.00035495135107031084,0.00035403978978753556,0.0003628299062161957,0.00038349689971412513,0.00040533913010063865,0.00041592793992554724,0.0004051021520060772,0.0004086167149743936,0.00039834431368766327,0.00037493986863447665,0.000377888305161732,0.00037996867166756006,0.0003995791492613236,0.0003923857028680853,0.0003843747858622298,0.00037693497344354826,0.0003791959365226594,0.00037718854527364366,0.0003789324198692194,0.00038338941428282,0.00038905114643196547,0.0003934315795853245,0.00041018425505562095,0.000407374629598664,0.0003980954652954472,0.00039514516333854566,0.00039980567832684883,0.00039126238380097155,0.0003884834513628786,0.0003756748794926698,0.0003792176862160998,0.0003857831046945754,0.0003879866524498411,0.00038761228244024655,0.0003846599158459971,0.00037846605263014936,0.0003732904165301405,0.0003690578331000875,0.0003715979691896808
51,0.00031379270312928995,0.0003121684309120973,0.00031231705340419984,0.00031199739885910796,0.00030711278456630635,0.00030770949715071315,0.0003067558665882223,0.00030890206225193414,0.00029924276408100346,0.00029714773649151376,0.00030193803049740226,0.0003021834791925202,0.0003112673495178161,0.0003113303500142963,0.0003093755295494365,0.00030629738801534693,0.00029988853651347286,0.00029911033299026866,0.0003065254027001813,0.0003239706014482865,0.00034240682729280036,0.00035133885099488353,0.00034218794188106054,0.0003451471275171581,0.00033646406084193454,0.00031669402433452405,0.0003191760566091194,0.00032092428706268985,0.000337473767815458,0.0003313923537983388,0.0003246213042085497,0.0003183325371879843,0.00032023388948516516,0.00031853181515658507,0.0003199972747748569,0.0003237519301097016,0.00032852461748848066,0.0003322150347819005,0.0003463485884716295,0.0003439698867274084,0.000336130240301725,0.00033363381918252526,0.00033756059618163904,0.0003303428024745439,0.00032799077545255277,0.0003171744073806181,0.00032015880875057754,0.0003256934047663954,0.0003275468297533175,0.0003272248597326535,0.00032472764496405105,0.00031949457885690417,0.00031512125930625157,0.0003115441623637114
52,0.00032548498631879076,0.0003257703384080516,0.0003240717533238786,0.0003242135100317182,0.00032386956675341125,0.0003187885499705358,0.00031939607969353595,0.0003183945643603489,0.00032060995442853156,0.000310577265886777,0.00030839219949289583,0.00031335146834000937,0.000313595355830131,0.0003230083761264085,0.0003230633370528282,0.00032102505895575815,0.0003178221696379033,0.00031116435133407783,0.0003103470819318448,0.0003180285490907643,0.0003361121912148819,0.00035522187726101624,0.000364473239996449,0.00035497351361501013,0.00035803247601296135,0.0003490185540367889,0.00032850907219993136,0.0003310734588472086,0.0003328776110512845,0.00035002777493298723,0.00034371295270697985,0.00033668453263088126,0.0003301554949491069,0.00033211825753146117,0.00033034592372395736,0.0003318574333400924,0.00033574174025514415,0.0003406808299575253,0.00034449891427208913,0.0003591411022786424,0.00035666706513337387,0.0003485340888448008,0.00034593828166579215,0.00035000125801212014,0.00034251277774120597,0.00034006729635939974,0.00032885046130633997,0.0003319369094901992,0.00033766635932645577,0.0003395798886193328,0.0003392399488433712,0.00033664528019093165,0.0003312158679437698,0.00032667790500353456
53,0.0004666137301685751,0.00046126680444618366,0.00046165149682075857,0.00045922696797800664,0.00045940892020627356,0.00045890325591389205,0.0004516890433237749,0.0004525318810445345,0.00045109635333122306,0.00045421649926641826,0.00043999313497206365,0.0004368824885693784,0.00044388923456342347,0.0004442182851450124,0.0004575296180803693,0.00045759158631211494,0.00045469077994636037,0.0004501409371013516,0.0004407016473845833,0.0004395302731053754,0.0004503892456267099,0.00047597105283771554,0.0005030030613189498,0.0005160795856666025,0.0005026211636768102,0.0005069341858290237,0.0004941642480620352,0.0004651262600417364,0.00046874117044342907,0.00047128107947729464,0.0004955363711258935,0.0004865869803011656,0.0004766286393207532,0.0004673783167599014,0.00047014357697979187,0.0004676236924953544,0.00046975023816070427,0.00047523343357089954,0.0004822092792462597,0.00048759919726190675,0.0005083004399315797,0.0005047886164527432,0.000493272337913993,0.0004895898306729245,0.0004953259352642598,0.0004847225378542215,0.00048125238556702193,0.0004653770126797476,0.00046973222121334657,0.00047782574024687646,0.0004805230632990186,0.00048003219552101184,0.0004763528802839894,0.00046866493650765055
54,0.0004919274136414512,0.0005019945960463499,0.0004962246657576151,0.0004966184111530445,0.0004939912572709471,0.0004941665422070603,0.0004936039822990468,0.00048582909295687854,0.00048671627232651734,0.00048515547450774985,0.0004884913093131318,0.0004731843594311626,0.00046982365103386215,0.0004773388586679848,0.0004776749799605143,0.000491965390983277,0.0004920148854097608,0.0004888808286437276,0.0004839752784796662,0.0004738155149905858,0.00047254214078480244,0.00048419480377780345,0.0005116669412908075,0.0005406922688554499,0.000554723924617198,0.0005402491604481331,0.0005448670335578599,0.0005311329598764354,0.0004999240846374818,0.0005037937089657076,0.0005065081487221428,0.0005325465992442216,0.0005229193593535695,0.0005122103132374238,0.00050226076433749,0.0005052182773548962,0.0005024983959252959,0.000504769584656123,0.0005106456400709943,0.0005181240143560729,0.0005238990189405996,0.0005461164624685296,0.000542332095107907,0.0005299537471025637,0.0005259877695751357,0.0005321342404191339,0.0005207374911232916,0.0005170005266124082,0.0004999442892087799,0.0005046097033256789,0.0005132879979954911,0.0005161731389731098,0.0005156352384499457,0.0005116756560461635
55,0.00050164795177824,0.0004910042069898974,0.0005010260200736394,0.0004952487482087572,0.0004956204421415802,0.0004929791530863015,0.0004931347684918783,0.000492553455094794,0.00048477993934752247,0.00048564592106490863,0.0004840703445217222,0.0004873781215390958,0.0004720957930028298,0.00046872691180880726,0.000476203579261658,0.0004765211906795715,0.0004907532735589065,0.0004907843385531534,0.00048764378889708606,0.00048273639303190796,0.0004725913829570156,0.00047130606854474427,0.00048290677294058926,0.0005102748330971515,0.0005391869810097408,0.0005531538134649281,0.0005387124374121378,0.0005432969087903677,0.0005295948386429496,0.0004984776597121768,0.0005023184335370752,0.0005050098514408385,0.0005309407334687067,0.0005213332319635501,0.0005106482559303412,0.0005007204228676108,0.0005036538821835107,0.0005009301062919997,0.0005031793183386442,0.0005090216475198,0.0005164585787184525,0.0005221980523430075,0.0005443168610200236,0.0005405346769739252,0.000528190439329718,0.0005242276056573162,0.0005303381315276188,0.0005189732170849145,0.0005152395416809819,0.0004982391899853572,0.0005028747135447157,0.0005115067063869749,0.0005143697905761682,0.0005138231138312608
56,0.0004179622970924608,0.0004364800717945702,0.0004272028297068894,0.00043589865568689686,0.00043085638809866526,0.00043116017689538656,0.00042884505620585,0.0004289625518871429,0.0004284383704642794,0.000421662392372909,0.00042239790819108926,0.0004210113982347198,0.0004238697397345688,0.0004105687729585126,0.0004076246136637943,0.00041410740033218996,0.0004143681673046418,0.0004267230385549376,0.00042673406765858285,0.0004239894735948236,0.0004197096020366285,0.00041087807817567464,0.00040974715559546584,0.00041981341058472556,0.0004435800128794626,0.00046868593966815626,0.00048080463550714093,0.0004682424710231802,0.00047221013232440624,0.00046029262128020995,0.00043324603767483274,0.0004365692544951909,0.0004388945010168797,0.00046140588541443916,0.000453047408421739,0.00044375342433990405,0.0004351174996305433,0.00043765284265779686,0.00043527496726940436,0.0004372166574624269,0.00044227834909321787,0.00044872557127751436,0.00045369817111860235,0.0004728937571104321,0.0004695972566083772,0.0004588668322240607,0.00045541378149999346,0.00046070829653407274,0.0004508296859706836,0.00044757660344644086,0.00043280517934568053,0.00043682021067727324,0.00044430490547963845,0.00044678054664881484
57,0.00042135169946157214,0.00041704473853372743,0.00043549107958567793,0.00042621862278119176,0.0004348684073667815,0.00042981947339785825,0.0004301018979522071,0.00042777381897397517,0.00042787107897942594,0.0004273286091181002,0.00042055426818794485,0.00042126916798136633,0.00041986911148264496,0.00042270034983783457,0.0004094241470249492,0.0004064727116492845,0.0004129174041585036,0.000413160093443444,0.0004254567796274409,0.0004254507680017167,0.00042269936082911237,0.0004184182388804273,0.00040960237384969297,0.0004084595938024612,0.00041847445274902767,0.0004421384396734294,0.00046713414701660014,0.00047919000517128316,0.0004666599371271103,0.00047059599534157764,0.0004587093976316656,0.00043175370468445754,0.00043504957417466193,0.0004373518417049547,0.0004597588514981435,0.0004514196724178073,0.000442150342684806,0.00043353577725697653,0.0004360481697930579,0.00043366690291784225,0.0004355876799138786,0.00044061582858267783,0.00044702322802292504,0.00045196174734603447,0.0004710622745728779,0.00046776671694795965,0.00045707072701789967,0.00045362086811672907,0.00045888067132413593,0.0004490342836752756,0.0004457845148720985,0.000431068626627633,0.000435054812453983,0.0004424947252108636
58,0.0003774658618089743,0.00037802322276485095,0.0003741741074846331,0.00039066077716217655,0.0003823256918989111,0.0003900608475371499,0.00038551360974685374,0.00038574743289236137,0.00038364042449573265,0.00038370876817772495,0.0003832036007843797,0.00037711251268570577,0.0003777350622959272,0.0003764630581267725,0.0003789827918655807,0.0003670671358412857,0.00036440587302374227,0.00037016493689787127,0.00037036607106064376,0.0003813689480029252,0.000381347341309177,0.00037886635571210853,0.0003750149384157559,0.00036710217008672445,0.0003660631679352618,0.0003750210325673884,0.00039620362091066373,0.00041857646999277884,0.0004293578367938442,0.0004181203603584857,0.0004216299784586916,0.00041097011266634894,0.000386816123505322,0.0003897540501759168,0.00039180251158518173,0.00041185337857830917,0.00040437283930467297,0.00039605985629618585,0.0003883336657443625,0.00039057104781982724,0.00038842610568768596,0.00039013432466089896,0.00039462407159141855,0.0004003482218317479,0.0004047568350404475,0.00042184247414567315,0.0004188803722152263,0.0004092947321463922,0.0004061959324579533,0.0004108927588990088,0.00040206906751621063,0.00039914931087164945,0.00038596862891638337,0.0003895256775608078
59,0.00033082561906833395,0.00032728700790259714,0.00032777743376777313,0.00032439309307886685,0.00033866015776382903,0.00033141719980702344,0.0003380997881463339,0.0003341405050309425,0.0003343238110760947,0.0003324791560517892,0.00033252034975801297,0.00033206461915973517,0.00032677050070533954,0.0003272923807879385,0.00032617326902817135,0.0003283388404296472,0.0003180029206548326,0.00031568237202146774,0.0003206537365364027,0.00032081295257793663,0.0003303244725358792,0.0003302900744860473,0.00032812731621999246,0.0003247781043016654,0.0003179138180302531,0.00031700032652821046,0.0003247410733463452,0.000343062395993959,0.0003624114493867242,0.0003717277628984781,0.00036198749718633304,0.0003650105292481523,0.00035577148781254324,0.00033485645740513603,0.00033738541108275805,0.00033914572271801034,0.00035648214564656944,0.00034999692971813417,0.00034279190452183504,0.0003360959407193998,0.0003380195358169364,0.0003361526093431701,0.00033761966172924393,0.00034149177274865546,0.0003464330415391071,0.0003502349631157641,0.00036500193737328603,0.0003624293317008867,0.00035412754891709643,0.0003514370830852605,0.00035548874182076703,0.00034784742401699516,0.00034531269516946314,0.0003339038655770985
60,0.0002859091186028422,0.0002729882833184207,0.00027009566839783766,0.0002704363533519289,0.0002676260055059514,0.00027937451461927497,0.00027338321413677893,0.0002788759626801664,0.0002755934688040405,0.0002757272874158489,0.00027418962152555985,0.00027420666345825604,0.0002738152342071,0.0002694352195381227,0.0002698497635403669,0.00026891220748152583,0.00027068141266472525,0.0002621488096157933,0.0002602225261012831,0.0002643052546104208,0.0002644228468236547,0.0002722457665911929,0.0002722037727971791,0.0002704089394374889,0.00026763662097657715,0.0002619685991103695,0.0002612038248258926,0.0002675679475382726,0.0002826465254514676,0.00029856945475949557,0.00030622869937013057,0.0002981945605742834,0.00030067079994617875,0.0002930506743120329,0.0002758161298989778,0.00027788754394118673,0.00027932621170794424,0.0002935884700522069,0.0002882383317574369,0.0002822952441183845,0.00027677247758504215,0.00027834608644070145,0.0002767991931396246,0.0002779966478061028,0.00028117423131176854,0.00028523228778995567,0.0002883513672497965,0.00030049593638758066,0.000298368307411436,0.0002915268203390076,0.0002893033555564539,0.00029262902081694385,0.0002863316271667144,0.00028423781907221165
61,0.00028055358109028885,0.00021296813744104993,0.00020335535824268268,0.00020116077390928958,0.00020139888415489078,0.0001992918429776061,0.0002080235526171366,0.00020354900730651723,0.00020762298792123833,0.00020516549635059319,0.00020525112985273598,0.0002040934857875115,0.00020409250653674724,0.00020378841477406486,0.00020051642598993934,0.0002008122462315183,0.00020010279751415762,0.00020140651299080617,0.0001950475370724714,0.00019360360852569317,0.0001966289865315135,0.00019670582154633198,0.00020251257844725764,0.00020247064688463514,0.0002011251059249043,0.00019905309695558745,0.00019482821540648968,0.0001942499013710286,0.00019897209079071756,0.00021017225257981306,0.0002219989459016413,0.00022768187270607326,0.00022169926942436797,0.00022352953060971535,0.0002178563026848883,0.00020503742707482633,0.000206568337351281,0.00020762856186956895,0.00021821841579967722,0.0002142338129425832,0.0002098094201282229,0.00020569728049139128,0.0002068586547134225,0.00020570125939307785,0.00020658338567482957,0.00020893601504704773,0.0002119430787918952,0.00021425269677247927,0.00022326671894863916,0.00022167847255308304,0.00021658949311901312,0.0002149303947398711,0.00021739368120867082,0.00021270934880547962
62,0.00020745948875481023,0.00020587089601153778,0.00015627871753337287,0.0001492070225308361,0.00014758555378317328,0.00014774839673926967,0.00014619166475416257,0.00015258435033369054,0.00014929163241580694,0.00015226836947865327,0.0001504553523033178,0.00015050747010704045,0.0001496483326481275,0.0001496375203500293,0.00014940435546915014,0.00014699615851115533,0.0001472033753720906,0.00014667413182810942,0.0001476202681624889,0.00014295157174188603,0.00014188475191463472,0.00014409301216431147,0.0001441408146302366,0.00014838636573344857,0.00014834739388765343,0.00014735349277054382,0.000145827613831641,0.0001427253191566277,0.0001422938542599225,0.00014574517432824807,0.00015393964586665472,0.0001625922903671961,0.000166745502842546,0.00016235691290863083,0.00016368930953249603,0.0001595280873361973,0.00015013578296675306,0.00015124976517785958,0.00015201875714053166,0.00015976395487563125,0.00015684047953587577,0.00015359524739857834,0.000150579327922006,0.00015142301341432223,0.0001505698402194087,0.00015120927495230753,0.00015292497812449235,0.00015511953095467433,0.00015680366818975855,0.0001633935788333722,0.00016222550062187823,0.00015849606460850008,0.00015727679930129708,0.00015907350292554057
63,0.00015419867295513696,0.00015077287526553754,0.0001496304586924743,0.0001135610962266104,0.00010841354054565554,0.00010722612679540132,0.00010733551533116721,0.00010619581554351134,0.00011083021297435624,0.00010843002495932755,0.0001105830548912366,0.00010925802896320963,0.00010928753064830707,0.00010865581540148454,0.00010864005039863328,0.0001084630088300999,0.00010670734368786982,0.0001068502258514437,0.00010645878485494997,0.00010713816316862141,0.00010374330556491603,0.00010296250128684779,0.00010455818198669703,0.00010458641720616633,0.0001076598640815389,0.00010762504632239908,0.00010689776873960026,0.0001057847301274986,0.00010352862302453743,0.00010320991973511456,0.00010570707296938173,0.00011164352090787962,0.00011791170439429845,0.00012091704919847884,0.00011772878441096104,0.00011868891279875626,0.00011566617482292822,0.000108851682245488,0.00010965403728377462,0.00011020626695424088,0.00011581496404228262,0.00011369070396824092,0.00011133365209229104,0.0001091430979053804,0.00010974966767353774,0.00010912666105117703,0.00010958556452745483,0.00011082419825571871,0.00011240975807613381,0.00011362571944899193,0.00011839583290245039,0.00011754489334649735,0.00011483861937133323,0.00011395109803834032
64,5.257428298682692e-05,4.948699369333949e-05,4.838939078503926e-05,4.8011691723898794e-05,3.64351112880303e-05,3.478034781099144e-05,3.439629318015366e-05,3.442833859525292e-05,3.4059741893701495e-05,3.554302671208051e-05,3.477031099584209e-05,3.545776697438606e-05,3.503008381112949e-05,3.503667496202264e-05,3.483138044852582e-05,3.4823597599276754e-05,3.4764241113212615e-05,3.4198984405110494e-05,3.424218969052323e-05,3.4114279879355625e-05,3.432950394153519e-05,3.323943714005335e-05,3.2987002755557577e-05,3.349599959989677e-05,3.3502808859364604e-05,3.4485059622379705e-05,3.4471628439450336e-05,3.423654802859957e-05,3.387802727302102e-05,3.315350978485243e-05,3.3049427449597576e-05,3.384707755309859e-05,3.574576768441323e-05,3.7750487356267575e-05,3.871046748669235e-05,3.768777593859158e-05,3.799306181349592e-05,3.7023496676065945e-05,3.484052127690441e-05,3.509559169526421e-05,3.527049986404952e-05,3.706369258717394e-05,3.6382136480258544e-05,3.5626130180572106e-05,3.492360057466524e-05,3.511604868073467e-05,3.4915181294202734e-05,3.506040651007299e-05,3.545513659575575e-05,3.5960843318887156e-05,3.6348287570369595e-05,3.7872636565598606e-05,3.75989290661564e-05,3.6731840144111295e-05
65,0.0,0.0,0.0,0.0,0.0,0.0,0.0,0.0,0.0,0.0,0.0,0.0,0.0,0.0,0.0,0.0,0.0,0.0,0.0,0.0,0.0,0.0,0.0,0.0,0.0,0.0,0.0,0.0,0.0,0.0,0.0,0.0,0.0,0.0,0.0,0.0,0.0,0.0,0.0,0.0,0.0,0.0,0.0,0.0,0.0,0.0,0.0,0.0,0.0,0.0,0.0,0.0,0.0,0.0
66,0.0,0.0,0.0,0.0,0.0,0.0,0.0,0.0,0.0,0.0,0.0,0.0,0.0,0.0,0.0,0.0,0.0,0.0,0.0,0.0,0.0,0.0,0.0,0.0,0.0,0.0,0.0,0.0,0.0,0.0,0.0,0.0,0.0,0.0,0.0,0.0,0.0,0.0,0.0,0.0,0.0,0.0,0.0,0.0,0.0,0.0,0.0,0.0,0.0,0.0,0.0,0.0,0.0,0.0
67,0.0,0.0,0.0,0.0,0.0,0.0,0.0,0.0,0.0,0.0,0.0,0.0,0.0,0.0,0.0,0.0,0.0,0.0,0.0,0.0,0.0,0.0,0.0,0.0,0.0,0.0,0.0,0.0,0.0,0.0,0.0,0.0,0.0,0.0,0.0,0.0,0.0,0.0,0.0,0.0,0.0,0.0,0.0,0.0,0.0,0.0,0.0,0.0,0.0,0.0,0.0,0.0,0.0,0.0
68,0.0,0.0,0.0,0.0,0.0,0.0,0.0,0.0,0.0,0.0,0.0,0.0,0.0,0.0,0.0,0.0,0.0,0.0,0.0,0.0,0.0,0.0,0.0,0.0,0.0,0.0,0.0,0.0,0.0,0.0,0.0,0.0,0.0,0.0,0.0,0.0,0.0,0.0,0.0,0.0,0.0,0.0,0.0,0.0,0.0,0.0,0.0,0.0,0.0,0.0,0.0,0.0,0.0,0.0
69,0.0,0.0,0.0,0.0,0.0,0.0,0.0,0.0,0.0,0.0,0.0,0.0,0.0,0.0,0.0,0.0,0.0,0.0,0.0,0.0,0.0,0.0,0.0,0.0,0.0,0.0,0.0,0.0,0.0,0.0,0.0,0.0,0.0,0.0,0.0,0.0,0.0,0.0,0.0,0.0,0.0,0.0,0.0,0.0,0.0,0.0,0.0,0.0,0.0,0.0,0.0,0.0,0.0,0.0
70,0.0,0.0,0.0,0.0,0.0,0.0,0.0,0.0,0.0,0.0,0.0,0.0,0.0,0.0,0.0,0.0,0.0,0.0,0.0,0.0,0.0,0.0,0.0,0.0,0.0,0.0,0.0,0.0,0.0,0.0,0.0,0.0,0.0,0.0,0.0,0.0,0.0,0.0,0.0,0.0,0.0,0.0,0.0,0.0,0.0,0.0,0.0,0.0,0.0,0.0,0.0,0.0,0.0,0.0
71,0.0,0.0,0.0,0.0,0.0,0.0,0.0,0.0,0.0,0.0,0.0,0.0,0.0,0.0,0.0,0.0,0.0,0.0,0.0,0.0,0.0,0.0,0.0,0.0,0.0,0.0,0.0,0.0,0.0,0.0,0.0,0.0,0.0,0.0,0.0,0.0,0.0,0.0,0.0,0.0,0.0,0.0,0.0,0.0,0.0,0.0,0.0,0.0,0.0,0.0,0.0,0.0,0.0,0.0
72,0.0,0.0,0.0,0.0,0.0,0.0,0.0,0.0,0.0,0.0,0.0,0.0,0.0,0.0,0.0,0.0,0.0,0.0,0.0,0.0,0.0,0.0,0.0,0.0,0.0,0.0,0.0,0.0,0.0,0.0,0.0,0.0,0.0,0.0,0.0,0.0,0.0,0.0,0.0,0.0,0.0,0.0,0.0,0.0,0.0,0.0,0.0,0.0,0.0,0.0,0.0,0.0,0.0,0.0
73,0.0,0.0,0.0,0.0,0.0,0.0,0.0,0.0,0.0,0.0,0.0,0.0,0.0,0.0,0.0,0.0,0.0,0.0,0.0,0.0,0.0,0.0,0.0,0.0,0.0,0.0,0.0,0.0,0.0,0.0,0.0,0.0,0.0,0.0,0.0,0.0,0.0,0.0,0.0,0.0,0.0,0.0,0.0,0.0,0.0,0.0,0.0,0.0,0.0,0.0,0.0,0.0,0.0,0.0
74,0.0,0.0,0.0,0.0,0.0,0.0,0.0,0.0,0.0,0.0,0.0,0.0,0.0,0.0,0.0,0.0,0.0,0.0,0.0,0.0,0.0,0.0,0.0,0.0,0.0,0.0,0.0,0.0,0.0,0.0,0.0,0.0,0.0,0.0,0.0,0.0,0.0,0.0,0.0,0.0,0.0,0.0,0.0,0.0,0.0,0.0,0.0,0.0,0.0,0.0,0.0,0.0,0.0,0.0
75,0.0,0.0,0.0,0.0,0.0,0.0,0.0,0.0,0.0,0.0,0.0,0.0,0.0,0.0,0.0,0.0,0.0,0.0,0.0,0.0,0.0,0.0,0.0,0.0,0.0,0.0,0.0,0.0,0.0,0.0,0.0,0.0,0.0,0.0,0.0,0.0,0.0,0.0,0.0,0.0,0.0,0.0,0.0,0.0,0.0,0.0,0.0,0.0,0.0,0.0,0.0,0.0,0.0,0.0
76,0.0,0.0,0.0,0.0,0.0,0.0,0.0,0.0,0.0,0.0,0.0,0.0,0.0,0.0,0.0,0.0,0.0,0.0,0.0,0.0,0.0,0.0,0.0,0.0,0.0,0.0,0.0,0.0,0.0,0.0,0.0,0.0,0.0,0.0,0.0,0.0,0.0,0.0,0.0,0.0,0.0,0.0,0.0,0.0,0.0,0.0,0.0,0.0,0.0,0.0,0.0,0.0,0.0,0.0
77,0.0,0.0,0.0,0.0,0.0,0.0,0.0,0.0,0.0,0.0,0.0,0.0,0.0,0.0,0.0,0.0,0.0,0.0,0.0,0.0,0.0,0.0,0.0,0.0,0.0,0.0,0.0,0.0,0.0,0.0,0.0,0.0,0.0,0.0,0.0,0.0,0.0,0.0,0.0,0.0,0.0,0.0,0.0,0.0,0.0,0.0,0.0,0.0,0.0,0.0,0.0,0.0,0.0,0.0
78,0.0,0.0,0.0,0.0,0.0,0.0,0.0,0.0,0.0,0.0,0.0,0.0,0.0,0.0,0.0,0.0,0.0,0.0,0.0,0.0,0.0,0.0,0.0,0.0,0.0,0.0,0.0,0.0,0.0,0.0,0.0,0.0,0.0,0.0,0.0,0.0,0.0,0.0,0.0,0.0,0.0,0.0,0.0,0.0,0.0,0.0,0.0,0.0,0.0,0.0,0.0,0.0,0.0,0.0
79,0.0,0.0,0.0,0.0,0.0,0.0,0.0,0.0,0.0,0.0,0.0,0.0,0.0,0.0,0.0,0.0,0.0,0.0,0.0,0.0,0.0,0.0,0.0,0.0,0.0,0.0,0.0,0.0,0.0,0.0,0.0,0.0,0.0,0.0,0.0,0.0,0.0,0.0,0.0,0.0,0.0,0.0,0.0,0.0,0.0,0.0,0.0,0.0,0.0,0.0,0.0,0.0,0.0,0.0
80,0.0,0.0,0.0,0.0,0.0,0.0,0.0,0.0,0.0,0.0,0.0,0.0,0.0,0.0,0.0,0.0,0.0,0.0,0.0,0.0,0.0,0.0,0.0,0.0,0.0,0.0,0.0,0.0,0.0,0.0,0.0,0.0,0.0,0.0,0.0,0.0,0.0,0.0,0.0,0.0,0.0,0.0,0.0,0.0,0.0,0.0,0.0,0.0,0.0,0.0,0.0,0.0,0.0,0.0
81,0.0,0.0,0.0,0.0,0.0,0.0,0.0,0.0,0.0,0.0,0.0,0.0,0.0,0.0,0.0,0.0,0.0,0.0,0.0,0.0,0.0,0.0,0.0,0.0,0.0,0.0,0.0,0.0,0.0,0.0,0.0,0.0,0.0,0.0,0.0,0.0,0.0,0.0,0.0,0.0,0.0,0.0,0.0,0.0,0.0,0.0,0.0,0.0,0.0,0.0,0.0,0.0,0.0,0.0
82,0.0,0.0,0.0,0.0,0.0,0.0,0.0,0.0,0.0,0.0,0.0,0.0,0.0,0.0,0.0,0.0,0.0,0.0,0.0,0.0,0.0,0.0,0.0,0.0,0.0,0.0,0.0,0.0,0.0,0.0,0.0,0.0,0.0,0.0,0.0,0.0,0.0,0.0,0.0,0.0,0.0,0.0,0.0,0.0,0.0,0.0,0.0,0.0,0.0,0.0,0.0,0.0,0.0,0.0
83,0.0,0.0,0.0,0.0,0.0,0.0,0.0,0.0,0.0,0.0,0.0,0.0,0.0,0.0,0.0,0.0,0.0,0.0,0.0,0.0,0.0,0.0,0.0,0.0,0.0,0.0,0.0,0.0,0.0,0.0,0.0,0.0,0.0,0.0,0.0,0.0,0.0,0.0,0.0,0.0,0.0,0.0,0.0,0.0,0.0,0.0,0.0,0.0,0.0,0.0,0.0,0.0,0.0,0.0
84,0.0,0.0,0.0,0.0,0.0,0.0,0.0,0.0,0.0,0.0,0.0,0.0,0.0,0.0,0.0,0.0,0.0,0.0,0.0,0.0,0.0,0.0,0.0,0.0,0.0,0.0,0.0,0.0,0.0,0.0,0.0,0.0,0.0,0.0,0.0,0.0,0.0,0.0,0.0,0.0,0.0,0.0,0.0,0.0,0.0,0.0,0.0,0.0,0.0,0.0,0.0,0.0,0.0,0.0
85,0.0,0.0,0.0,0.0,0.0,0.0,0.0,0.0,0.0,0.0,0.0,0.0,0.0,0.0,0.0,0.0,0.0,0.0,0.0,0.0,0.0,0.0,0.0,0.0,0.0,0.0,0.0,0.0,0.0,0.0,0.0,0.0,0.0,0.0,0.0,0.0,0.0,0.0,0.0,0.0,0.0,0.0,0.0,0.0,0.0,0.0,0.0,0.0,0.0,0.0,0.0,0.0,0.0,0.0
86,0.0,0.0,0.0,0.0,0.0,0.0,0.0,0.0,0.0,0.0,0.0,0.0,0.0,0.0,0.0,0.0,0.0,0.0,0.0,0.0,0.0,0.0,0.0,0.0,0.0,0.0,0.0,0.0,0.0,0.0,0.0,0.0,0.0,0.0,0.0,0.0,0.0,0.0,0.0,0.0,0.0,0.0,0.0,0.0,0.0,0.0,0.0,0.0,0.0,0.0,0.0,0.0,0.0,0.0
87,6.151738112081266e-05,3.634147007840374e-05,3.5937724040462465e-05,3.6379736390062574e-05,3.611832812875645e-05,3.581228265038192e-05,3.4721727117977965e-05,3.43270793819219e-05,3.423282881926598e-05,3.3507036688906466e-05,3.35509438399771e-05,3.174214199395275e-05,3.220123544775537e-05,3.1719320192095506e-05,3.308488861778693e-05,3.2517266759045247e-05,3.3402243652663986e-05,3.3328677269518974e-05,3.3962606986992154e-05,3.371484173212411e-05,3.3393103009568354e-05,3.5636490088688594e-05,3.748123046389202e-05,3.3658648680380083e-05,3.142215195834697e-05,3.0483382100377183e-05,3.0016566922559087e-05,2.257640763150932e-05,2.1390187605429405e-05,2.1002297665477865e-05,2.0874563481189613e-05,2.0507993427352372e-05,2.1260228131497284e-05,2.0657647989415434e-05,2.0930250720366416e-05,2.0543694763457072e-05,2.0417681363251886e-05,2.017144208371153e-05,2.0043914382698252e-05,1.9889323523432127e-05,1.9449225600213525e-05,1.9360983573103705e-05,1.9178410963769578e-05,1.9191631169291348e-05,1.8477372120251567e-05,1.8237123920508788e-05,1.8421169848793974e-05,1.8328509153902384e-05,1.877109954569615e-05,1.8668997688515158e-05,1.844896112191952e-05,1.8165670346805286e-05,1.7689970827221138e-05,1.7550953374747884e-05
88,5.1913895189414616e-05,4.490586992302045e-05,2.6496769215705894e-05,2.617121820306905e-05,2.6462110143231892e-05,2.624162888181228e-05,2.5989588522030603e-05,2.5169907408402296e-05,2.4856234647135226e-05,2.4760781091553938e-05,2.4209698382197364e-05,2.421567820560361e-05,2.2886226369192872e-05,2.3193171542237578e-05,2.2822703228629784e-05,2.3781302756568535e-05,2.335010897662599e-05,2.3962086263250563e-05,2.3886339777945886e-05,2.431747975676592e-05,2.4117311272979197e-05,2.386501987713668e-05,2.5444946259270734e-05,2.6738021207110372e-05,2.3989900204514847e-05,2.237619704926189e-05,2.168887618964074e-05,2.133857729023164e-05,1.603592731991065e-05,1.5180732193291576e-05,1.4893234452788851e-05,1.4790684600072633e-05,1.4519402040706529e-05,1.5040104061409466e-05,1.4602468280612497e-05,1.478387907912003e-05,1.449985511407423e-05,1.440019243364132e-05,1.4216065373258834e-05,1.411592599485196e-05,1.3997021205404684e-05,1.3677668970164182e-05,1.3606120316409774e-05,1.34685656627199e-05,1.3468707995940468e-05,1.295876758874902e-05,1.2781803302819698e-05,1.2902400594570363e-05,1.2829236873330546e-05,1.3130727552631208e-05,1.3051126741154463e-05,1.28893520942674e-05,1.2683687546551765e-05,1.2344137864602513e-05
89,0.0,0.0,0.0,0.0,0.0,0.0,0.0,0.0,0.0,0.0,0.0,0.0,0.0,0.0,0.0,0.0,0.0,0.0,0.0,0.0,0.0,0.0,0.0,0.0,0.0,0.0,0.0,0.0,0.0,0.0,0.0,0.0,0.0,0.0,0.0,0.0,0.0,0.0,0.0,0.0,0.0,0.0,0.0,0.0,0.0,0.0,0.0,0.0,0.0,0.0,0.0,0.0,0.0,0.0
90,0.0,0.0,0.0,0.0,0.0,0.0,0.0,0.0,0.0,0.0,0.0,0.0,0.0,0.0,0.0,0.0,0.0,0.0,0.0,0.0,0.0,0.0,0.0,0.0,0.0,0.0,0.0,0.0,0.0,0.0,0.0,0.0,0.0,0.0,0.0,0.0,0.0,0.0,0.0,0.0,0.0,0.0,0.0,0.0,0.0,0.0,0.0,0.0,0.0,0.0,0.0,0.0,0.0,0.0
91,0.0,0.0,0.0,0.0,0.0,0.0,0.0,0.0,0.0,0.0,0.0,0.0,0.0,0.0,0.0,0.0,0.0,0.0,0.0,0.0,0.0,0.0,0.0,0.0,0.0,0.0,0.0,0.0,0.0,0.0,0.0,0.0,0.0,0.0,0.0,0.0,0.0,0.0,0.0,0.0,0.0,0.0,0.0,0.0,0.0,0.0,0.0,0.0,0.0,0.0,0.0,0.0,0.0,0.0
92,0.0,0.0,0.0,0.0,0.0,0.0,0.0,0.0,0.0,0.0,0.0,0.0,0.0,0.0,0.0,0.0,0.0,0.0,0.0,0.0,0.0,0.0,0.0,0.0,0.0,0.0,0.0,0.0,0.0,0.0,0.0,0.0,0.0,0.0,0.0,0.0,0.0,0.0,0.0,0.0,0.0,0.0,0.0,0.0,0.0,0.0,0.0,0.0,0.0,0.0,0.0,0.0,0.0,0.0
93,0.0,0.0,0.0,0.0,0.0,0.0,0.0,0.0,0.0,0.0,0.0,0.0,0.0,0.0,0.0,0.0,0.0,0.0,0.0,0.0,0.0,0.0,0.0,0.0,0.0,0.0,0.0,0.0,0.0,0.0,0.0,0.0,0.0,0.0,0.0,0.0,0.0,0.0,0.0,0.0,0.0,0.0,0.0,0.0,0.0,0.0,0.0,0.0,0.0,0.0,0.0,0.0,0.0,0.0
94,0.00026112333449568716,0.0002515768228289947,0.0002409462478548508,0.00036140280848758627,0.0004298010672881718,0.00038634087706267763,0.00033832019402612164,0.0002898355286988763,0.0001693617246011506,0.00016572079986978052,0.00016601909416960614,0.00016313928675817406,0.00016011837287777662,0.00015368705142273495,0.0001504392902027075,0.00014856451162328273,0.00014401070097294776,0.00014282526671291154,0.000133850847306191,0.00013452557298573246,0.00013129366685568877,0.00013570271298398145,0.00013217998328226774,0.000134573782014486,0.00013310024697002246,0.00013446020166674554,0.00013233802764071634,0.00012996617319676446,0.00013754173885355652,0.00014346836919780368,0.00012778335431898688,0.00011832963807985498,0.00011387875612071476,0.00011125322248349753,8.302068921791249e-05,7.805225412646021e-05,7.605535848200965e-05,7.502535398391582e-05,7.31601736011984e-05,7.528804667180657e-05,7.262403689780384e-05,7.305546082484756e-05,7.1197934143212e-05,7.026632792126326e-05,6.893905304933638e-05,6.803399100703872e-05,6.705303397171011e-05,6.51320232794286e-05,6.440789526641696e-05,6.33844322348215e-05,6.301859940148537e-05,6.028629515250003e-05,5.9126891167719164e-05,5.9352175246464066e-05
95,3.3018223614814993e-05,2.9635938911418553e-05,2.8494532094702617e-05,2.7235307110262815e-05,4.0769324134133497e-05,4.839151387884848e-05,4.341346051634545e-05,3.794369536554835e-05,3.244332123846499e-05,1.89222736093296e-05,1.8481063641175786e-05,1.8479991757349327e-05,1.812605619889815e-05,1.7757999064592665e-05,1.7014249900302488e-05,1.662511433228214e-05,1.638881395025965e-05,1.585887071786996e-05,1.5701011393707197e-05,1.4689311598495444e-05,1.4738460183312169e-05,1.4360278433521032e-05,1.4817739751800432e-05,1.440941817762175e-05,1.4646546644329774e-05,1.4462833227151456e-05,1.4587314943976529e-05,1.4334221693767624e-05,1.4055369569005029e-05,1.4851582822921818e-05,1.5467775229763002e-05,1.3755811331993467e-05,1.2718918136744473e-05,1.2222248026402594e-05,1.1922835574126803e-05,8.884198541251698e-06,8.340408816565109e-06,8.11537511800124e-06,7.994092091432799e-06,7.784399674649364e-06,7.999644938060875e-06,7.705955738680581e-06,7.741090318744536e-06,7.534069814531693e-06,7.425502984167469e-06,7.275559617366869e-06,7.170605556047365e-06,7.058041169664951e-06,6.8469662740060886e-06,6.762200215405741e-06,6.64630042656423e-06,6.599632511142753e-06,6.305676981653764e-06,6.176795109942256e-06
96,0.00046762967801369066,0.0004645717894286146,0.0004161088016992297,0.0003992198842029704,0.0003807863437561234,0.0005686977830135667,0.0006735844529236281,0.0006030773335324252,0.0005260482944835818,0.0004489220950447372,0.00026135049985429097,0.0002547524666893888,0.0002542412000420203,0.00024889109762197214,0.0002433665851206535,0.00023273320149046756,0.00022698068625632143,0.0002233406255472256,0.00021572059640839183,0.00021318383906041594,0.00019908837259321078,0.00019939418030716694,0.00019393288778888626,0.00019975783783532182,0.00019391500488976697,0.0001967636009981256,0.00019396508532047878,0.00019530170716107275,0.00019159004592004218,0.00018755067174674623,0.00019784840173370656,0.00020571790010443408,0.00018265705394141988,0.00016862025610818088,0.00016177883050955217,0.00015756774677642827,0.00011723197768045662,0.00010988706090899227,0.00010675858777680815,0.00010500477665289693,0.00010209689873613013,0.00010476310015481173,0.00010076912242330977,0.00010108008142562544,9.82347370056601e-05,9.668024412348479e-05,9.45936639510043e-05,9.309781401195157e-05,9.150895372738601e-05,8.864970879223191e-05,8.743267345865486e-05,8.581779184428911e-05,8.510030520685223e-05,8.120175854239647e-05
97,0.00018508020659266052,0.0001682192010879734,0.00016673252636471205,0.0001489911529561325,0.00014262571973275054,0.00013573307714993525,0.00020224506107247917,0.00023900922828360414,0.0002135244021553747,0.0001858478756284305,0.00015826661079235512,9.194666926210986e-05,8.94374425645349e-05,8.907074766102445e-05,8.701397988064941e-05,8.490903150287752e-05,8.103404320523008e-05,7.88721250054096e-05,7.745125512347556e-05,7.466043690142108e-05,7.3638557879582e-05,6.863649403893448e-05,6.861021918237827e-05,6.660394195672238e-05,6.847424057276158e-05,6.634659943886637e-05,6.719701747971136e-05,6.611866733408688e-05,6.645268511915006e-05,6.507290371577295e-05,6.358669388768198e-05,6.695852431752591e-05,6.949983570312601e-05,6.160195744337784e-05,5.6770192246484716e-05,5.43740442736245e-05,5.286933482571317e-05,3.926972941699554e-05,3.674803256162853e-05,3.564313422510605e-05,3.5000155262250184e-05,3.3975885890697875e-05,3.480685934609444e-05,3.342696788532991e-05,3.347691712522393e-05,3.248374722127213e-05,3.192039717428991e-05,3.118347891416575e-05,3.064364950787222e-05,3.0075121091429194e-05,2.909205264171696e-05,2.8649969237768078e-05,2.807963496643018e-05,2.7804381796333796e-05
98,0.0,0.0,0.0,0.0,0.0,0.0,0.0,0.0,0.0,0.0,0.0,0.0,0.0,0.0,0.0,0.0,0.0,0.0,0.0,0.0,0.0,0.0,0.0,0.0,0.0,0.0,0.0,0.0,0.0,0.0,0.0,0.0,0.0,0.0,0.0,0.0,0.0,0.0,0.0,0.0,0.0,0.0,0.0,0.0,0.0,0.0,0.0,0.0,0.0,0.0,0.0,0.0,0.0,0.0
99,0.0,0.0,0.0,0.0,0.0,0.0,0.0,0.0,0.0,0.0,0.0,0.0,0.0,0.0,0.0,0.0,0.0,0.0,0.0,0.0,0.0,0.0,0.0,0.0,0.0,0.0,0.0,0.0,0.0,0.0,0.0,0.0,0.0,0.0,0.0,0.0,0.0,0.0,0.0,0.0,0.0,0.0,0.0,0.0,0.0,0.0,0.0,0.0,0.0,0.0,0.0,0.0,0.0,0.0
100,0.0,0.0,0.0,0.0,0.0,0.0,0.0,0.0,0.0,0.0,0.0,0.0,0.0,0.0,0.0,0.0,0.0,0.0,0.0,0.0,0.0,0.0,0.0,0.0,0.0,0.0,0.0,0.0,0.0,0.0,0.0,0.0,0.0,0.0,0.0,0.0,0.0,0.0,0.0,0.0,0.0,0.0,0.0,0.0,0.0,0.0,0.0,0.0,0.0,0.0,0.0,0.0,0.0,0.0
101,0.0,0.0,0.0,0.0,0.0,0.0,0.0,0.0,0.0,0.0,0.0,0.0,0.0,0.0,0.0,0.0,0.0,0.0,0.0,0.0,0.0,0.0,0.0,0.0,0.0,0.0,0.0,0.0,0.0,0.0,0.0,0.0,0.0,0.0,0.0,0.0,0.0,0.0,0.0,0.0,0.0,0.0,0.0,0.0,0.0,0.0,0.0,0.0,0.0,0.0,0.0,0.0,0.0,0.0
102,0.0,0.0,0.0,0.0,0.0,0.0,0.0,0.0,0.0,0.0,0.0,0.0,0.0,0.0,0.0,0.0,0.0,0.0,0.0,0.0,0.0,0.0,0.0,0.0,0.0,0.0,0.0,0.0,0.0,0.0,0.0,0.0,0.0,0.0,0.0,0.0,0.0,0.0,0.0,0.0,0.0,0.0,0.0,0.0,0.0,0.0,0.0,0.0,0.0,0.0,0.0,0.0,0.0,0.0
103,0.0,0.0,0.0,0.0,0.0,0.0,0.0,0.0,0.0,0.0,0.0,0.0,0.0,0.0,0.0,0.0,0.0,0.0,0.0,0.0,0.0,0.0,0.0,0.0,0.0,0.0,0.0,0.0,0.0,0.0,0.0,0.0,0.0,0.0,0.0,0.0,0.0,0.0,0.0,0.0,0.0,0.0,0.0,0.0,0.0,0.0,0.0,0.0,0.0,0.0,0.0,0.0,0.0,0.0
104,0.0,0.0,0.0,0.0,0.0,0.0,0.0,0.0,0.0,0.0,0.0,0.0,0.0,0.0,0.0,0.0,0.0,0.0,0.0,0.0,0.0,0.0,0.0,0.0,0.0,0.0,0.0,0.0,0.0,0.0,0.0,0.0,0.0,0.0,0.0,0.0,0.0,0.0,0.0,0.0,0.0,0.0,0.0,0.0,0.0,0.0,0.0,0.0,0.0,0.0,0.0,0.0,0.0,0.0
105,0.0,0.0,0.0,0.0,0.0,0.0,0.0,0.0,0.0,0.0,0.0,0.0,0.0,0.0,0.0,0.0,0.0,0.0,0.0,0.0,0.0,0.0,0.0,0.0,0.0,0.0,0.0,0.0,0.0,0.0,0.0,0.0,0.0,0.0,0.0,0.0,0.0,0.0,0.0,0.0,0.0,0.0,0.0,0.0,0.0,0.0,0.0,0.0,0.0,0.0,0.0,0.0,0.0,0.0
106,0.0,0.0,0.0,0.0,0.0,0.0,0.0,0.0,0.0,0.0,0.0,0.0,0.0,0.0,0.0,0.0,0.0,0.0,0.0,0.0,0.0,0.0,0.0,0.0,0.0,0.0,0.0,0.0,0.0,0.0,0.0,0.0,0.0,0.0,0.0,0.0,0.0,0.0,0.0,0.0,0.0,0.0,0.0,0.0,0.0,0.0,0.0,0.0,0.0,0.0,0.0,0.0,0.0,0.0
107,0.0,0.0,0.0,0.0,0.0,0.0,0.0,0.0,0.0,0.0,0.0,0.0,0.0,0.0,0.0,0.0,0.0,0.0,0.0,0.0,0.0,0.0,0.0,0.0,0.0,0.0,0.0,0.0,0.0,0.0,0.0,0.0,0.0,0.0,0.0,0.0,0.0,0.0,0.0,0.0,0.0,0.0,0.0,0.0,0.0,0.0,0.0,0.0,0.0,0.0,0.0,0.0,0.0,0.0
108,0.0,0.0,0.0,0.0,0.0,0.0,0.0,0.0,0.0,0.0,0.0,0.0,0.0,0.0,0.0,0.0,0.0,0.0,0.0,0.0,0.0,0.0,0.0,0.0,0.0,0.0,0.0,0.0,0.0,0.0,0.0,0.0,0.0,0.0,0.0,0.0,0.0,0.0,0.0,0.0,0.0,0.0,0.0,0.0,0.0,0.0,0.0,0.0,0.0,0.0,0.0,0.0,0.0,0.0
109,0.0,0.0,0.0,0.0,0.0,0.0,0.0,0.0,0.0,0.0,0.0,0.0,0.0,0.0,0.0,0.0,0.0,0.0,0.0,0.0,0.0,0.0,0.0,0.0,0.0,0.0,0.0,0.0,0.0,0.0,0.0,0.0,0.0,0.0,0.0,0.0,0.0,0.0,0.0,0.0,0.0,0.0,0.0,0.0,0.0,0.0,0.0,0.0,0.0,0.0,0.0,0.0,0.0,0.0
