period,age,initial_state,final_state,calibrated_probability
2010,0,0,0,1.0
2010,0,0,1,0.0
2010,0,0,4,0.0
2010,0,0,5,0.0
2010,0,1,0,1.0
2010,0,1,1,0.0
2010,0,1,2,0.0
2010,0,1,4,0.0
2010,0,1,5,0.0
2010,0,2,1,0.0
2010,0,2,2,0.0
2010,0,2,3,0.0
2010,0,2,4,0.0
2010,0,2,5,0.0
2010,0,3,2,0.0
2010,0,3,3,0.0
2010,0,3,4,0.0
2010,0,3,5,0.0
2010,0,4,4,0.0
2010,0,4,5,0.0
2010,1,0,0,1.0
2010,1,0,1,0.0
2010,1,0,4,0.0
2010,1,0,5,0.0
2010,1,1,0,1.0
2010,1,1,1,0.0
2010,1,1,2,0.0
2010,1,1,4,0.0
2010,1,1,5,0.0
2010,1,2,1,0.0
2010,1,2,2,0.0
2010,1,2,3,0.0
2010,1,2,4,0.0
2010,1,2,5,0.0
2010,1,3,2,0.0
2010,1,3,3,0.0
2010,1,3,4,0.0
2010,1,3,5,0.0
2010,1,4,4,0.0
2010,1,4,5,0.0
2010,2,0,0,1.0
2010,2,0,1,0.0
2010,2,0,4,0.0
2010,2,0,5,0.0
2010,2,1,0,1.0
2010,2,1,1,0.0
2010,2,1,2,0.0
2010,2,1,4,0.0
2010,2,1,5,0.0
2010,2,2,1,0.0
2010,2,2,2,0.0
2010,2,2,3,0.0
2010,2,2,4,0.0
2010,2,2,5,0.0
2010,2,3,2,0.0
2010,2,3,3,0.0
2010,2,3,4,0.0
2010,2,3,5,0.0
2010,2,4,4,0.0
2010,2,4,5,0.0
2010,3,0,0,1.0
2010,3,0,1,0.0
2010,3,0,4,0.0
2010,3,0,5,0.0
2010,3,1,0,1.0
2010,3,1,1,0.0
2010,3,1,2,0.0
2010,3,1,4,0.0
2010,3,1,5,0.0
2010,3,2,1,0.0
2010,3,2,2,0.0
2010,3,2,3,0.0
2010,3,2,4,0.0
2010,3,2,5,0.0
2010,3,3,2,0.0
2010,3,3,3,0.0
2010,3,3,4,0.0
2010,3,3,5,0.0
2010,3,4,4,0.0
2010,3,4,5,0.0
2010,4,0,0,1.0
2010,4,0,1,0.0
2010,4,0,4,0.0
2010,4,0,5,0.0
2010,4,1,0,1.0
2010,4,1,1,0.0
2010,4,1,2,0.0
2010,4,1,4,0.0
2010,4,1,5,0.0
2010,4,2,1,0.0
2010,4,2,2,0.0
2010,4,2,3,0.0
2010,4,2,4,0.0
2010,4,2,5,0.0
2010,4,3,2,0.0
2010,4,3,3,0.0
2010,4,3,4,0.0
2010,4,3,5,0.0
2010,4,4,4,0.0
2010,4,4,5,0.0
2010,5,0,0,1.0
2010,5,0,1,0.0
2010,5,0,4,0.0
2010,5,0,5,0.0
2010,5,1,0,1.0
2010,5,1,1,0.0
2010,5,1,2,0.0
2010,5,1,4,0.0
2010,5,1,5,0.0
2010,5,2,1,0.0
2010,5,2,2,0.0
2010,5,2,3,0.0
2010,5,2,4,0.0
2010,5,2,5,0.0
2010,5,3,2,0.0
2010,5,3,3,0.0
2010,5,3,4,0.0
2010,5,3,5,0.0
2010,5,4,4,0.0
2010,5,4,5,0.0
2010,6,0,0,1.0
2010,6,0,1,0.0
2010,6,0,4,0.0
2010,6,0,5,0.0
2010,6,1,0,1.0
2010,6,1,1,0.0
2010,6,1,2,0.0
2010,6,1,4,0.0
2010,6,1,5,0.0
2010,6,2,1,0.0
2010,6,2,2,0.0
2010,6,2,3,0.0
2010,6,2,4,0.0
2010,6,2,5,0.0
2010,6,3,2,0.0
2010,6,3,3,0.0
2010,6,3,4,0.0
2010,6,3,5,0.0
2010,6,4,4,0.0
2010,6,4,5,0.0
2010,7,0,0,1.0
2010,7,0,1,0.0
2010,7,0,4,0.0
2010,7,0,5,0.0
2010,7,1,0,1.0
2010,7,1,1,0.0
2010,7,1,2,0.0
2010,7,1,4,0.0
2010,7,1,5,0.0
2010,7,2,1,0.0
2010,7,2,2,0.0
2010,7,2,3,0.0
2010,7,2,4,0.0
2010,7,2,5,0.0
2010,7,3,2,0.0
2010,7,3,3,0.0
2010,7,3,4,0.0
2010,7,3,5,0.0
2010,7,4,4,0.0
2010,7,4,5,0.0
2010,8,0,0,1.0
2010,8,0,1,0.0
2010,8,0,4,0.0
2010,8,0,5,0.0
2010,8,1,0,1.0
2010,8,1,1,0.0
2010,8,1,2,0.0
2010,8,1,4,0.0
2010,8,1,5,0.0
2010,8,2,1,0.0
2010,8,2,2,0.0
2010,8,2,3,0.0
2010,8,2,4,0.0
2010,8,2,5,0.0
2010,8,3,2,0.0
2010,8,3,3,0.0
2010,8,3,4,0.0
2010,8,3,5,0.0
2010,8,4,4,0.0
2010,8,4,5,0.0
2010,9,0,0,1.0
2010,9,0,1,0.0
2010,9,0,4,0.0
2010,9,0,5,0.0
2010,9,1,0,1.0
2010,9,1,1,0.0
2010,9,1,2,0.0
2010,9,1,4,0.0
2010,9,1,5,0.0
2010,9,2,1,0.0
2010,9,2,2,0.0
2010,9,2,3,0.0
2010,9,2,4,0.0
2010,9,2,5,0.0
2010,9,3,2,0.0
2010,9,3,3,0.0
2010,9,3,4,0.0
2010,9,3,5,0.0
2010,9,4,4,0.0
2010,9,4,5,0.0
2010,10,0,0,1.0
2010,10,0,1,0.0
2010,10,0,4,0.0
2010,10,0,5,0.0
2010,10,1,0,1.0
2010,10,1,1,0.0
2010,10,1,2,0.0
2010,10,1,4,0.0
2010,10,1,5,0.0
2010,10,2,1,0.0
2010,10,2,2,0.0
2010,10,2,3,0.0
2010,10,2,4,0.0
2010,10,2,5,0.0
2010,10,3,2,0.0
2010,10,3,3,0.0
2010,10,3,4,0.0
2010,10,3,5,0.0
2010,10,4,4,0.0
2010,10,4,5,0.0
2010,11,0,0,1.0
2010,11,0,1,0.0
2010,11,0,4,0.0
2010,11,0,5,0.0
2010,11,1,0,1.0
2010,11,1,1,0.0
2010,11,1,2,0.0
2010,11,1,4,0.0
2010,11,1,5,0.0
2010,11,2,1,0.0
2010,11,2,2,0.0
2010,11,2,3,0.0
2010,11,2,4,0.0
2010,11,2,5,0.0
2010,11,3,2,0.0
2010,11,3,3,0.0
2010,11,3,4,0.0
2010,11,3,5,0.0
2010,11,4,4,0.0
2010,11,4,5,0.0
2010,12,0,0,1.0
2010,12,0,1,0.0
2010,12,0,4,0.0
2010,12,0,5,0.0
2010,12,1,0,1.0
2010,12,1,1,0.0
2010,12,1,2,0.0
2010,12,1,4,0.0
2010,12,1,5,0.0
2010,12,2,1,0.0
2010,12,2,2,0.0
2010,12,2,3,0.0
2010,12,2,4,0.0
2010,12,2,5,0.0
2010,12,3,2,0.0
2010,12,3,3,0.0
2010,12,3,4,0.0
2010,12,3,5,0.0
2010,12,4,4,0.0
2010,12,4,5,0.0
2010,13,0,0,1.0
2010,13,0,1,0.0
2010,13,0,4,0.0
2010,13,0,5,0.0
2010,13,1,0,1.0
2010,13,1,1,0.0
2010,13,1,2,0.0
2010,13,1,4,0.0
2010,13,1,5,0.0
2010,13,2,1,0.0
2010,13,2,2,0.0
2010,13,2,3,0.0
2010,13,2,4,0.0
2010,13,2,5,0.0
2010,13,3,2,0.0
2010,13,3,3,0.0
2010,13,3,4,0.0
2010,13,3,5,0.0
2010,13,4,4,0.0
2010,13,4,5,0.0
2010,14,0,0,1.0
2010,14,0,1,0.0
2010,14,0,4,0.0
2010,14,0,5,0.0
2010,14,1,0,1.0
2010,14,1,1,0.0
2010,14,1,2,0.0
2010,14,1,4,0.0
2010,14,1,5,0.0
2010,14,2,1,0.0
2010,14,2,2,0.0
2010,14,2,3,0.0
2010,14,2,4,0.0
2010,14,2,5,0.0
2010,14,3,2,0.0
2010,14,3,3,0.0
2010,14,3,4,0.0
2010,14,3,5,0.0
2010,14,4,4,0.0
2010,14,4,5,0.0
2010,15,0,0,1.0
2010,15,0,1,0.0
2010,15,0,4,0.0
2010,15,0,5,0.0
2010,15,1,0,1.0
2010,15,1,1,0.0
2010,15,1,2,0.0
2010,15,1,4,0.0
2010,15,1,5,0.0
2010,15,2,1,0.0
2010,15,2,2,0.0
2010,15,2,3,0.0
2010,15,2,4,0.0
2010,15,2,5,0.0
2010,15,3,2,0.0
2010,15,3,3,0.0
2010,15,3,4,0.0
2010,15,3,5,0.0
2010,15,4,4,0.0
2010,15,4,5,0.0
2010,16,0,0,1.0
2010,16,0,1,0.0
2010,16,0,4,0.0
2010,16,0,5,0.0
2010,16,1,0,1.0
2010,16,1,1,0.0
2010,16,1,2,0.0
2010,16,1,4,0.0
2010,16,1,5,0.0
2010,16,2,1,0.0
2010,16,2,2,0.0
2010,16,2,3,0.0
2010,16,2,4,0.0
2010,16,2,5,0.0
2010,16,3,2,0.0
2010,16,3,3,0.0
2010,16,3,4,0.0
2010,16,3,5,0.0
2010,16,4,4,0.0
2010,16,4,5,0.0
2010,17,0,0,1.0
2010,17,0,1,0.0
2010,17,0,4,0.0
2010,17,0,5,0.0
2010,17,1,0,1.0
2010,17,1,1,0.0
2010,17,1,2,0.0
2010,17,1,4,0.0
2010,17,1,5,0.0
2010,17,2,1,0.0
2010,17,2,2,0.0
2010,17,2,3,0.0
2010,17,2,4,0.0
2010,17,2,5,0.0
2010,17,3,2,0.0
2010,17,3,3,0.0
2010,17,3,4,0.0
2010,17,3,5,0.0
2010,17,4,4,0.0
2010,17,4,5,0.0
2010,18,0,0,1.0
2010,18,0,1,0.0
2010,18,0,4,0.0
2010,18,0,5,0.0
2010,18,1,0,1.0
2010,18,1,1,0.0
2010,18,1,2,0.0
2010,18,1,4,0.0
2010,18,1,5,0.0
2010,18,2,1,0.0
2010,18,2,2,0.0
2010,18,2,3,0.0
2010,18,2,4,0.0
2010,18,2,5,0.0
2010,18,3,2,0.0
2010,18,3,3,0.0
2010,18,3,4,0.0
2010,18,3,5,0.0
2010,18,4,4,0.0
2010,18,4,5,0.0
2010,19,0,0,1.0
2010,19,0,1,0.0
2010,19,0,4,0.0
2010,19,0,5,0.0
2010,19,1,0,1.0
2010,19,1,1,0.0
2010,19,1,2,0.0
2010,19,1,4,0.0
2010,19,1,5,0.0
2010,19,2,1,0.0
2010,19,2,2,0.0
2010,19,2,3,0.0
2010,19,2,4,0.0
2010,19,2,5,0.0
2010,19,3,2,0.0
2010,19,3,3,0.0
2010,19,3,4,0.0
2010,19,3,5,0.0
2010,19,4,4,0.0
2010,19,4,5,0.0
2010,20,0,0,1.0
2010,20,0,1,0.0
2010,20,0,4,0.0
2010,20,0,5,0.0
2010,20,1,0,1.0
2010,20,1,1,0.0
2010,20,1,2,0.0
2010,20,1,4,0.0
2010,20,1,5,0.0
2010,20,2,1,0.0
2010,20,2,2,0.0
2010,20,2,3,0.0
2010,20,2,4,0.0
2010,20,2,5,0.0
2010,20,3,2,0.0
2010,20,3,3,0.0
2010,20,3,4,0.0
2010,20,3,5,0.0
2010,20,4,4,0.0
2010,20,4,5,0.0
2010,21,0,0,1.0
2010,21,0,1,0.0
2010,21,0,4,0.0
2010,21,0,5,0.0
2010,21,1,0,1.0
2010,21,1,1,0.0
2010,21,1,2,0.0
2010,21,1,4,0.0
2010,21,1,5,0.0
2010,21,2,1,0.0
2010,21,2,2,0.0
2010,21,2,3,0.0
2010,21,2,4,0.0
2010,21,2,5,0.0
2010,21,3,2,0.0
2010,21,3,3,0.0
2010,21,3,4,0.0
2010,21,3,5,0.0
2010,21,4,4,0.0
2010,21,4,5,0.0
2010,22,0,0,1.0
2010,22,0,1,0.0
2010,22,0,4,0.0
2010,22,0,5,0.0
2010,22,1,0,1.0
2010,22,1,1,0.0
2010,22,1,2,0.0
2010,22,1,4,0.0
2010,22,1,5,0.0
2010,22,2,1,0.0
2010,22,2,2,0.0
2010,22,2,3,0.0
2010,22,2,4,0.0
2010,22,2,5,0.0
2010,22,3,2,0.0
2010,22,3,3,0.0
2010,22,3,4,0.0
2010,22,3,5,0.0
2010,22,4,4,0.0
2010,22,4,5,0.0
2010,23,0,0,1.0
2010,23,0,1,0.0
2010,23,0,4,0.0
2010,23,0,5,0.0
2010,23,1,0,1.0
2010,23,1,1,0.0
2010,23,1,2,0.0
2010,23,1,4,0.0
2010,23,1,5,0.0
2010,23,2,1,0.0
2010,23,2,2,0.0
2010,23,2,3,0.0
2010,23,2,4,0.0
2010,23,2,5,0.0
2010,23,3,2,0.0
2010,23,3,3,0.0
2010,23,3,4,0.0
2010,23,3,5,0.0
2010,23,4,4,0.0
2010,23,4,5,0.0
2010,24,0,0,1.0
2010,24,0,1,0.0
2010,24,0,4,0.0
2010,24,0,5,0.0
2010,24,1,0,1.0
2010,24,1,1,0.0
2010,24,1,2,0.0
2010,24,1,4,0.0
2010,24,1,5,0.0
2010,24,2,1,0.0
2010,24,2,2,0.0
2010,24,2,3,0.0
2010,24,2,4,0.0
2010,24,2,5,0.0
2010,24,3,2,0.0
2010,24,3,3,0.0
2010,24,3,4,0.0
2010,24,3,5,0.0
2010,24,4,4,0.0
2010,24,4,5,0.0
2010,25,0,0,1.0
2010,25,0,1,0.0
2010,25,0,4,0.0
2010,25,0,5,0.0
2010,25,1,0,1.0
2010,25,1,1,0.0
2010,25,1,2,0.0
2010,25,1,4,0.0
2010,25,1,5,0.0
2010,25,2,1,0.0
2010,25,2,2,0.0
2010,25,2,3,0.0
2010,25,2,4,0.0
2010,25,2,5,0.0
2010,25,3,2,0.0
2010,25,3,3,0.0
2010,25,3,4,0.0
2010,25,3,5,0.0
2010,25,4,4,0.0
2010,25,4,5,0.0
2010,26,0,0,1.0
2010,26,0,1,0.0
2010,26,0,4,0.0
2010,26,0,5,0.0
2010,26,1,0,1.0
2010,26,1,1,0.0
2010,26,1,2,0.0
2010,26,1,4,0.0
2010,26,1,5,0.0
2010,26,2,1,0.0
2010,26,2,2,0.0
2010,26,2,3,0.0
2010,26,2,4,0.0
2010,26,2,5,0.0
2010,26,3,2,0.0
2010,26,3,3,0.0
2010,26,3,4,0.0
2010,26,3,5,0.0
2010,26,4,4,0.0
2010,26,4,5,0.0
2010,27,0,0,1.0
2010,27,0,1,0.0
2010,27,0,4,0.0
2010,27,0,5,0.0
2010,27,1,0,1.0
2010,27,1,1,0.0
2010,27,1,2,0.0
2010,27,1,4,0.0
2010,27,1,5,0.0
2010,27,2,1,0.0
2010,27,2,2,0.0
2010,27,2,3,0.0
2010,27,2,4,0.0
2010,27,2,5,0.0
2010,27,3,2,0.0
2010,27,3,3,0.0
2010,27,3,4,0.0
2010,27,3,5,0.0
2010,27,4,4,0.0
2010,27,4,5,0.0
2010,28,0,0,1.0
2010,28,0,1,0.0
2010,28,0,4,0.0
2010,28,0,5,0.0
2010,28,1,0,1.0
2010,28,1,1,0.0
2010,28,1,2,0.0
2010,28,1,4,0.0
2010,28,1,5,0.0
2010,28,2,1,0.0
2010,28,2,2,0.0
2010,28,2,3,0.0
2010,28,2,4,0.0
2010,28,2,5,0.0
2010,28,3,2,0.0
2010,28,3,3,0.0
2010,28,3,4,0.0
2010,28,3,5,0.0
2010,28,4,4,0.0
2010,28,4,5,0.0
2010,29,0,0,1.0
2010,29,0,1,0.0
2010,29,0,4,0.0
2010,29,0,5,0.0
2010,29,1,0,1.0
2010,29,1,1,0.0
2010,29,1,2,0.0
2010,29,1,4,0.0
2010,29,1,5,0.0
2010,29,2,1,0.0
2010,29,2,2,0.0
2010,29,2,3,0.0
2010,29,2,4,0.0
2010,29,2,5,0.0
2010,29,3,2,0.0
2010,29,3,3,0.0
2010,29,3,4,0.0
2010,29,3,5,0.0
2010,29,4,4,0.0
2010,29,4,5,0.0
2010,30,0,0,1.0
2010,30,0,1,0.0
2010,30,0,4,0.0
2010,30,0,5,0.0
2010,30,1,0,1.0
2010,30,1,1,0.0
2010,30,1,2,0.0
2010,30,1,4,0.0
2010,30,1,5,0.0
2010,30,2,1,0.0
2010,30,2,2,0.0
2010,30,2,3,0.0
2010,30,2,4,0.0
2010,30,2,5,0.0
2010,30,3,2,0.0
2010,30,3,3,0.0
2010,30,3,4,0.0
2010,30,3,5,0.0
2010,30,4,4,0.0
2010,30,4,5,0.0
2010,31,0,0,1.0
2010,31,0,1,0.0
2010,31,0,4,0.0
2010,31,0,5,0.0
2010,31,1,0,1.0
2010,31,1,1,0.0
2010,31,1,2,0.0
2010,31,1,4,0.0
2010,31,1,5,0.0
2010,31,2,1,0.0
2010,31,2,2,0.0
2010,31,2,3,0.0
2010,31,2,4,0.0
2010,31,2,5,0.0
2010,31,3,2,0.0
2010,31,3,3,0.0
2010,31,3,4,0.0
2010,31,3,5,0.0
2010,31,4,4,0.0
2010,31,4,5,0.0
2010,32,0,0,1.0
2010,32,0,1,0.0
2010,32,0,4,0.0
2010,32,0,5,0.0
2010,32,1,0,1.0
2010,32,1,1,0.0
2010,32,1,2,0.0
2010,32,1,4,0.0
2010,32,1,5,0.0
2010,32,2,1,0.0
2010,32,2,2,0.0
2010,32,2,3,0.0
2010,32,2,4,0.0
2010,32,2,5,0.0
2010,32,3,2,0.0
2010,32,3,3,0.0
2010,32,3,4,0.0
2010,32,3,5,0.0
2010,32,4,4,0.0
2010,32,4,5,0.0
2010,33,0,0,1.0
2010,33,0,1,0.0
2010,33,0,4,0.0
2010,33,0,5,0.0
2010,33,1,0,1.0
2010,33,1,1,0.0
2010,33,1,2,0.0
2010,33,1,4,0.0
2010,33,1,5,0.0
2010,33,2,1,0.0
2010,33,2,2,0.0
2010,33,2,3,0.0
2010,33,2,4,0.0
2010,33,2,5,0.0
2010,33,3,2,0.0
2010,33,3,3,0.0
2010,33,3,4,0.0
2010,33,3,5,0.0
2010,33,4,4,0.0
2010,33,4,5,0.0
2010,34,0,0,1.0
2010,34,0,1,0.0
2010,34,0,4,0.0
2010,34,0,5,0.0
2010,34,1,0,1.0
2010,34,1,1,0.0
2010,34,1,2,0.0
2010,34,1,4,0.0
2010,34,1,5,0.0
2010,34,2,1,0.0
2010,34,2,2,0.0
2010,34,2,3,0.0
2010,34,2,4,0.0
2010,34,2,5,0.0
2010,34,3,2,0.0
2010,34,3,3,0.0
2010,34,3,4,0.0
2010,34,3,5,0.0
2010,34,4,4,0.0
2010,34,4,5,0.0
2010,35,0,0,1.0
2010,35,0,1,0.0
2010,35,0,4,0.0
2010,35,0,5,0.0
2010,35,1,0,1.0
2010,35,1,1,0.0
2010,35,1,2,0.0
2010,35,1,4,0.0
2010,35,1,5,0.0
2010,35,2,1,0.0
2010,35,2,2,0.0
2010,35,2,3,0.0
2010,35,2,4,0.0
2010,35,2,5,0.0
2010,35,3,2,0.0
2010,35,3,3,0.0
2010,35,3,4,0.0
2010,35,3,5,0.0
2010,35,4,4,0.0
2010,35,4,5,0.0
2010,36,0,0,1.0
2010,36,0,1,0.0
2010,36,0,4,0.0
2010,36,0,5,0.0
2010,36,1,0,1.0
2010,36,1,1,0.0
2010,36,1,2,0.0
2010,36,1,4,0.0
2010,36,1,5,0.0
2010,36,2,1,0.0
2010,36,2,2,0.0
2010,36,2,3,0.0
2010,36,2,4,0.0
2010,36,2,5,0.0
2010,36,3,2,0.0
2010,36,3,3,0.0
2010,36,3,4,0.0
2010,36,3,5,0.0
2010,36,4,4,0.0
2010,36,4,5,0.0
2010,37,0,0,1.0
2010,37,0,1,0.0
2010,37,0,4,0.0
2010,37,0,5,0.0
2010,37,1,0,1.0
2010,37,1,1,0.0
2010,37,1,2,0.0
2010,37,1,4,0.0
2010,37,1,5,0.0
2010,37,2,1,0.0
2010,37,2,2,0.0
2010,37,2,3,0.0
2010,37,2,4,0.0
2010,37,2,5,0.0
2010,37,3,2,0.0
2010,37,3,3,0.0
2010,37,3,4,0.0
2010,37,3,5,0.0
2010,37,4,4,0.0
2010,37,4,5,0.0
2010,38,0,0,1.0
2010,38,0,1,0.0
2010,38,0,4,0.0
2010,38,0,5,0.0
2010,38,1,0,1.0
2010,38,1,1,0.0
2010,38,1,2,0.0
2010,38,1,4,0.0
2010,38,1,5,0.0
2010,38,2,1,0.0
2010,38,2,2,0.0
2010,38,2,3,0.0
2010,38,2,4,0.0
2010,38,2,5,0.0
2010,38,3,2,0.0
2010,38,3,3,0.0
2010,38,3,4,0.0
2010,38,3,5,0.0
2010,38,4,4,0.0
2010,38,4,5,0.0
2010,39,0,0,1.0
2010,39,0,1,0.0
2010,39,0,4,0.0
2010,39,0,5,0.0
2010,39,1,0,1.0
2010,39,1,1,0.0
2010,39,1,2,0.0
2010,39,1,4,0.0
2010,39,1,5,0.0
2010,39,2,1,0.0
2010,39,2,2,0.0
2010,39,2,3,0.0
2010,39,2,4,0.0
2010,39,2,5,0.0
2010,39,3,2,0.0
2010,39,3,3,0.0
2010,39,3,4,0.0
2010,39,3,5,0.0
2010,39,4,4,0.0
2010,39,4,5,0.0
2010,40,0,0,1.0
2010,40,0,1,0.0
2010,40,0,4,0.0
2010,40,0,5,0.0
2010,40,1,0,1.0
2010,40,1,1,0.0
2010,40,1,2,0.0
2010,40,1,4,0.0
2010,40,1,5,0.0
2010,40,2,1,0.0
2010,40,2,2,0.0
2010,40,2,3,0.0
2010,40,2,4,0.0
2010,40,2,5,0.0
2010,40,3,2,0.0
2010,40,3,3,0.0
2010,40,3,4,0.0
2010,40,3,5,0.0
2010,40,4,4,0.0
2010,40,4,5,0.0
2010,41,0,0,1.0
2010,41,0,1,0.0
2010,41,0,4,0.0
2010,41,0,5,0.0
2010,41,1,0,1.0
2010,41,1,1,0.0
2010,41,1,2,0.0
2010,41,1,4,0.0
2010,41,1,5,0.0
2010,41,2,1,0.0
2010,41,2,2,0.0
2010,41,2,3,0.0
2010,41,2,4,0.0
2010,41,2,5,0.0
2010,41,3,2,0.0
2010,41,3,3,0.0
2010,41,3,4,0.0
2010,41,3,5,0.0
2010,41,4,4,0.0
2010,41,4,5,0.0
2010,42,0,0,1.0
2010,42,0,1,0.0
2010,42,0,4,0.0
2010,42,0,5,0.0
2010,42,1,0,1.0
2010,42,1,1,0.0
2010,42,1,2,0.0
2010,42,1,4,0.0
2010,42,1,5,0.0
2010,42,2,1,0.0
2010,42,2,2,0.0
2010,42,2,3,0.0
2010,42,2,4,0.0
2010,42,2,5,0.0
2010,42,3,2,0.0
2010,42,3,3,0.0
2010,42,3,4,0.0
2010,42,3,5,0.0
2010,42,4,4,0.0
2010,42,4,5,0.0
2010,43,0,0,1.0
2010,43,0,1,0.0
2010,43,0,4,0.0
2010,43,0,5,0.0
2010,43,1,0,1.0
2010,43,1,1,0.0
2010,43,1,2,0.0
2010,43,1,4,0.0
2010,43,1,5,0.0
2010,43,2,1,0.0
2010,43,2,2,0.0
2010,43,2,3,0.0
2010,43,2,4,0.0
2010,43,2,5,0.0
2010,43,3,2,0.0
2010,43,3,3,0.0
2010,43,3,4,0.0
2010,43,3,5,0.0
2010,43,4,4,0.0
2010,43,4,5,0.0
2010,44,0,0,1.0
2010,44,0,1,0.0
2010,44,0,4,0.0
2010,44,0,5,0.0
2010,44,1,0,1.0
2010,44,1,1,0.0
2010,44,1,2,0.0
2010,44,1,4,0.0
2010,44,1,5,0.0
2010,44,2,1,0.0
2010,44,2,2,0.0
2010,44,2,3,0.0
2010,44,2,4,0.0
2010,44,2,5,0.0
2010,44,3,2,0.0
2010,44,3,3,0.0
2010,44,3,4,0.0
2010,44,3,5,0.0
2010,44,4,4,0.0
2010,44,4,5,0.0
2010,45,0,0,1.0
2010,45,0,1,0.0
2010,45,0,4,0.0
2010,45,0,5,0.0
2010,45,1,0,1.0
2010,45,1,1,0.0
2010,45,1,2,0.0
2010,45,1,4,0.0
2010,45,1,5,0.0
2010,45,2,1,0.0
2010,45,2,2,0.0
2010,45,2,3,0.0
2010,45,2,4,0.0
2010,45,2,5,0.0
2010,45,3,2,0.0
2010,45,3,3,0.0
2010,45,3,4,0.0
2010,45,3,5,0.0
2010,45,4,4,0.0
2010,45,4,5,0.0
2010,46,0,0,1.0
2010,46,0,1,0.0
2010,46,0,4,0.0
2010,46,0,5,0.0
2010,46,1,0,1.0
2010,46,1,1,0.0
2010,46,1,2,0.0
2010,46,1,4,0.0
2010,46,1,5,0.0
2010,46,2,1,0.0
2010,46,2,2,0.0
2010,46,2,3,0.0
2010,46,2,4,0.0
2010,46,2,5,0.0
2010,46,3,2,0.0
2010,46,3,3,0.0
2010,46,3,4,0.0
2010,46,3,5,0.0
2010,46,4,4,0.0
2010,46,4,5,0.0
2010,47,0,0,1.0
2010,47,0,1,0.0
2010,47,0,4,0.0
2010,47,0,5,0.0
2010,47,1,0,1.0
2010,47,1,1,0.0
2010,47,1,2,0.0
2010,47,1,4,0.0
2010,47,1,5,0.0
2010,47,2,1,0.0
2010,47,2,2,0.0
2010,47,2,3,0.0
2010,47,2,4,0.0
2010,47,2,5,0.0
2010,47,3,2,0.0
2010,47,3,3,0.0
2010,47,3,4,0.0
2010,47,3,5,0.0
2010,47,4,4,0.0
2010,47,4,5,0.0
2010,48,0,0,1.0
2010,48,0,1,0.0
2010,48,0,4,0.0
2010,48,0,5,0.0
2010,48,1,0,1.0
2010,48,1,1,0.0
2010,48,1,2,0.0
2010,48,1,4,0.0
2010,48,1,5,0.0
2010,48,2,1,0.0
2010,48,2,2,0.0
2010,48,2,3,0.0
2010,48,2,4,0.0
2010,48,2,5,0.0
2010,48,3,2,0.0
2010,48,3,3,0.0
2010,48,3,4,0.0
2010,48,3,5,0.0
2010,48,4,4,0.0
2010,48,4,5,0.0
2010,49,0,0,1.0
2010,49,0,1,0.0
2010,49,0,4,0.0
2010,49,0,5,0.0
2010,49,1,0,1.0
2010,49,1,1,0.0
2010,49,1,2,0.0
2010,49,1,4,0.0
2010,49,1,5,0.0
2010,49,2,1,0.0
2010,49,2,2,0.0
2010,49,2,3,0.0
2010,49,2,4,0.0
2010,49,2,5,0.0
2010,49,3,2,0.0
2010,49,3,3,0.0
2010,49,3,4,0.0
2010,49,3,5,0.0
2010,49,4,4,0.0
2010,49,4,5,0.0
2010,50,0,0,1.0
2010,50,0,1,0.0
2010,50,0,4,0.0
2010,50,0,5,0.0
2010,50,1,0,1.0
2010,50,1,1,0.0
2010,50,1,2,0.0
2010,50,1,4,0.0
2010,50,1,5,0.0
2010,50,2,1,0.0
2010,50,2,2,0.0
2010,50,2,3,0.0
2010,50,2,4,0.0
2010,50,2,5,0.0
2010,50,3,2,0.0
2010,50,3,3,0.0
2010,50,3,4,0.0
2010,50,3,5,0.0
2010,50,4,4,0.0
2010,50,4,5,0.0
2010,51,0,0,1.0
2010,51,0,1,0.0
2010,51,0,4,0.0
2010,51,0,5,0.0
2010,51,1,0,1.0
2010,51,1,1,0.0
2010,51,1,2,0.0
2010,51,1,4,0.0
2010,51,1,5,0.0
2010,51,2,1,0.0
2010,51,2,2,0.0
2010,51,2,3,0.0
2010,51,2,4,0.0
2010,51,2,5,0.0
2010,51,3,2,0.0
2010,51,3,3,0.0
2010,51,3,4,0.0
2010,51,3,5,0.0
2010,51,4,4,0.0
2010,51,4,5,0.0
2010,52,0,0,1.0
2010,52,0,1,0.0
2010,52,0,4,0.0
2010,52,0,5,0.0
2010,52,1,0,1.0
2010,52,1,1,0.0
2010,52,1,2,0.0
2010,52,1,4,0.0
2010,52,1,5,0.0
2010,52,2,1,0.0
2010,52,2,2,0.0
2010,52,2,3,0.0
2010,52,2,4,0.0
2010,52,2,5,0.0
2010,52,3,2,0.0
2010,52,3,3,0.0
2010,52,3,4,0.0
2010,52,3,5,0.0
2010,52,4,4,0.0
2010,52,4,5,0.0
2010,53,0,0,1.0
2010,53,0,1,0.0
2010,53,0,4,0.0
2010,53,0,5,0.0
2010,53,1,0,1.0
2010,53,1,1,0.0
2010,53,1,2,0.0
2010,53,1,4,0.0
2010,53,1,5,0.0
2010,53,2,1,0.0
2010,53,2,2,0.0
2010,53,2,3,0.0
2010,53,2,4,0.0
2010,53,2,5,0.0
2010,53,3,2,0.0
2010,53,3,3,0.0
2010,53,3,4,0.0
2010,53,3,5,0.0
2010,53,4,4,0.0
2010,53,4,5,0.0
2010,54,0,0,1.0
2010,54,0,1,0.0
2010,54,0,4,0.0
2010,54,0,5,0.0
2010,54,1,0,1.0
2010,54,1,1,0.0
2010,54,1,2,0.0
2010,54,1,4,0.0
2010,54,1,5,0.0
2010,54,2,1,0.0
2010,54,2,2,0.0
2010,54,2,3,0.0
2010,54,2,4,0.0
2010,54,2,5,0.0
2010,54,3,2,0.0
2010,54,3,3,0.0
2010,54,3,4,0.0
2010,54,3,5,0.0
2010,54,4,4,0.0
2010,54,4,5,0.0
2010,55,0,0,1.0
2010,55,0,1,0.0
2010,55,0,4,0.0
2010,55,0,5,0.0
2010,55,1,0,1.0
2010,55,1,1,0.0
2010,55,1,2,0.0
2010,55,1,4,0.0
2010,55,1,5,0.0
2010,55,2,1,0.0
2010,55,2,2,0.0
2010,55,2,3,0.0
2010,55,2,4,0.0
2010,55,2,5,0.0
2010,55,3,2,0.0
2010,55,3,3,0.0
2010,55,3,4,0.0
2010,55,3,5,0.0
2010,55,4,4,0.0
2010,55,4,5,0.0
2010,56,0,0,1.0
2010,56,0,1,0.0
2010,56,0,4,0.0
2010,56,0,5,0.0
2010,56,1,0,1.0
2010,56,1,1,0.0
2010,56,1,2,0.0
2010,56,1,4,0.0
2010,56,1,5,0.0
2010,56,2,1,0.0
2010,56,2,2,0.0
2010,56,2,3,0.0
2010,56,2,4,0.0
2010,56,2,5,0.0
2010,56,3,2,0.0
2010,56,3,3,0.0
2010,56,3,4,0.0
2010,56,3,5,0.0
2010,56,4,4,0.0
2010,56,4,5,0.0
2010,57,0,0,1.0
2010,57,0,1,0.0
2010,57,0,4,0.0
2010,57,0,5,0.0
2010,57,1,0,1.0
2010,57,1,1,0.0
2010,57,1,2,0.0
2010,57,1,4,0.0
2010,57,1,5,0.0
2010,57,2,1,0.0
2010,57,2,2,0.0
2010,57,2,3,0.0
2010,57,2,4,0.0
2010,57,2,5,0.0
2010,57,3,2,0.0
2010,57,3,3,0.0
2010,57,3,4,0.0
2010,57,3,5,0.0
2010,57,4,4,0.0
2010,57,4,5,0.0
2010,58,0,0,1.0
2010,58,0,1,0.0
2010,58,0,4,0.0
2010,58,0,5,0.0
2010,58,1,0,1.0
2010,58,1,1,0.0
2010,58,1,2,0.0
2010,58,1,4,0.0
2010,58,1,5,0.0
2010,58,2,1,0.0
2010,58,2,2,0.0
2010,58,2,3,0.0
2010,58,2,4,0.0
2010,58,2,5,0.0
2010,58,3,2,0.0
2010,58,3,3,0.0
2010,58,3,4,0.0
2010,58,3,5,0.0
2010,58,4,4,0.0
2010,58,4,5,0.0
2010,59,0,0,1.0
2010,59,0,1,0.0
2010,59,0,4,0.0
2010,59,0,5,0.0
2010,59,1,0,1.0
2010,59,1,1,0.0
2010,59,1,2,0.0
2010,59,1,4,0.0
2010,59,1,5,0.0
2010,59,2,1,0.0
2010,59,2,2,0.0
2010,59,2,3,0.0
2010,59,2,4,0.0
2010,59,2,5,0.0
2010,59,3,2,0.0
2010,59,3,3,0.0
2010,59,3,4,0.0
2010,59,3,5,0.0
2010,59,4,4,0.0
2010,59,4,5,0.0
2010,60,0,0,1.0
2010,60,0,1,0.0
2010,60,0,4,0.0
2010,60,0,5,0.0
2010,60,1,0,1.0
2010,60,1,1,0.0
2010,60,1,2,0.0
2010,60,1,4,0.0
2010,60,1,5,0.0
2010,60,2,1,0.0
2010,60,2,2,0.0
2010,60,2,3,0.0
2010,60,2,4,0.0
2010,60,2,5,0.0
2010,60,3,2,0.0
2010,60,3,3,0.0
2010,60,3,4,0.0
2010,60,3,5,0.0
2010,60,4,4,0.0
2010,60,4,5,0.0
2010,61,0,0,1.0
2010,61,0,1,0.0
2010,61,0,4,0.0
2010,61,0,5,0.0
2010,61,1,0,1.0
2010,61,1,1,0.0
2010,61,1,2,0.0
2010,61,1,4,0.0
2010,61,1,5,0.0
2010,61,2,1,0.0
2010,61,2,2,0.0
2010,61,2,3,0.0
2010,61,2,4,0.0
2010,61,2,5,0.0
2010,61,3,2,0.0
2010,61,3,3,0.0
2010,61,3,4,0.0
2010,61,3,5,0.0
2010,61,4,4,0.0
2010,61,4,5,0.0
2010,62,0,0,1.0
2010,62,0,1,0.0
2010,62,0,4,0.0
2010,62,0,5,0.0
2010,62,1,0,1.0
2010,62,1,1,0.0
2010,62,1,2,0.0
2010,62,1,4,0.0
2010,62,1,5,0.0
2010,62,2,1,0.0
2010,62,2,2,0.0
2010,62,2,3,0.0
2010,62,2,4,0.0
2010,62,2,5,0.0
2010,62,3,2,0.0
2010,62,3,3,0.0
2010,62,3,4,0.0
2010,62,3,5,0.0
2010,62,4,4,0.0
2010,62,4,5,0.0
2010,63,0,0,1.0
2010,63,0,1,0.0
2010,63,0,4,0.0
2010,63,0,5,0.0
2010,63,1,0,1.0
2010,63,1,1,0.0
2010,63,1,2,0.0
2010,63,1,4,0.0
2010,63,1,5,0.0
2010,63,2,1,0.0
2010,63,2,2,0.0
2010,63,2,3,0.0
2010,63,2,4,0.0
2010,63,2,5,0.0
2010,63,3,2,0.0
2010,63,3,3,0.0
2010,63,3,4,0.0
2010,63,3,5,0.0
2010,63,4,4,0.0
2010,63,4,5,0.0
2010,64,0,0,1.0
2010,64,0,1,0.0
2010,64,0,4,0.0
2010,64,0,5,0.0
2010,64,1,0,1.0
2010,64,1,1,0.0
2010,64,1,2,0.0
2010,64,1,4,0.0
2010,64,1,5,0.0
2010,64,2,1,0.0
2010,64,2,2,0.0
2010,64,2,3,0.0
2010,64,2,4,0.0
2010,64,2,5,0.0
2010,64,3,2,0.0
2010,64,3,3,0.0
2010,64,3,4,0.0
2010,64,3,5,0.0
2010,64,4,4,0.0
2010,64,4,5,0.0
2010,65,0,0,0.509297016436
2010,65,0,1,0.480645471911
2010,65,0,4,1.26150020899e-05
2010,65,0,5,0.0100448966514
2010,65,1,0,0.334379097626
2010,65,1,1,0.532884888241
2010,65,1,2,0.10821262913
2010,65,1,4,0.00170052508216
2010,65,1,5,0.0228228599204
2010,65,2,1,0.481897633129
2010,65,2,2,0.435398938318
2010,65,2,3,0.0460216254759
2010,65,2,4,0.0123386686813
2010,65,2,5,0.0243431343952
2010,65,3,2,0.195809706296
2010,65,3,3,0.30819327583
2010,65,3,4,0.372973271121
2010,65,3,5,0.123023746753
2010,65,4,4,0.864032621444
2010,65,4,5,0.135967378556
2010,66,0,0,0.544366502892
2010,66,0,1,0.444889910254
2010,66,0,4,4.87529413248e-05
2010,66,0,5,0.010694833912
2010,66,1,0,0.31501588338
2010,66,1,1,0.550717143239
2010,66,1,2,0.110919875376
2010,66,1,4,0.00208298368481
2010,66,1,5,0.0212641143214
2010,66,2,1,0.44861523701
2010,66,2,2,0.463858520027
2010,66,2,3,0.0476262648656
2010,66,2,4,0.0137334158545
2010,66,2,5,0.0261665622436
2010,66,3,2,0.223570360435
2010,66,3,3,0.316073254122
2010,66,3,4,0.345512119585
2010,66,3,5,0.114844265859
2010,66,4,4,0.861077703239
2010,66,4,5,0.138922296761
2010,67,0,0,0.569130043649
2010,67,0,1,0.418878074847
2010,67,0,4,0.000157643603963
2010,67,0,5,0.0118342379007
2010,67,1,0,0.29460224041
2010,67,1,1,0.566997019281
2010,67,1,2,0.114978059808
2010,67,1,4,0.0024880714015
2010,67,1,5,0.0209346090995
2010,67,2,1,0.415582153232
2010,67,2,2,0.490773024691
2010,67,2,3,0.0493873164273
2010,67,2,4,0.0151552442403
2010,67,2,5,0.0291022614089
2010,67,3,2,0.247850818176
2010,67,3,3,0.320660825409
2010,67,3,4,0.319982228568
2010,67,3,5,0.111506127848
2010,67,4,4,0.852903709486
2010,67,4,5,0.147096290514
2010,68,0,0,0.584761100913
2010,68,0,1,0.401757824285
2010,68,0,4,0.0004306662239
2010,68,0,5,0.0130504085778
2010,68,1,0,0.273742567434
2010,68,1,1,0.58200734639
2010,68,1,2,0.120514841317
2010,68,1,4,0.0029070433521
2010,68,1,5,0.0208282015076
2010,68,2,1,0.383576911725
2010,68,2,2,0.516374469579
2010,68,2,3,0.0513714172504
2010,68,2,4,0.0166084684954
2010,68,2,5,0.0320687329494
2010,68,3,2,0.269093590284
2010,68,3,3,0.324368780725
2010,68,3,4,0.298456772946
2010,68,3,5,0.108080856045
2010,68,4,4,0.845457114926
2010,68,4,5,0.154542885074
2010,69,0,0,0.592340397584
2010,69,0,1,0.392508489032
2010,69,0,4,0.00100219715559
2010,69,0,5,0.0141489162282
2010,69,1,0,0.252770831801
2010,69,1,1,0.595653075744
2010,69,1,2,0.127618906544
2010,69,1,4,0.00333021771606
2010,69,1,5,0.020626968195
2010,69,2,1,0.352998889167
2010,69,2,2,0.540745960269
2010,69,2,3,0.05362672915
2010,69,2,4,0.0180946523071
2010,69,2,5,0.0345337691066
2010,69,3,2,0.287254304783
2010,69,3,3,0.328232190377
2010,69,3,4,0.28113739672
2010,69,3,5,0.10337610812
2010,69,4,4,0.841110704395
2010,69,4,5,0.158889295605
2010,70,0,0,0.592367582252
2010,70,0,1,0.389879304823
2010,70,0,4,0.00199937590857
2010,70,0,5,0.0157537370166
2010,70,1,0,0.231696916938
2010,70,1,1,0.607088456615
2010,70,1,2,0.136245485349
2010,70,1,4,0.00374456745899
2010,70,1,5,0.0212245736394
2010,70,2,1,0.323461689283
2010,70,2,2,0.562875660235
2010,70,2,3,0.0560921196004
2010,70,2,4,0.0195788574822
2010,70,2,5,0.0379916733994
2010,70,3,2,0.300551401298
2010,70,3,3,0.330987629883
2010,70,3,4,0.266287931881
2010,70,3,5,0.102173036938
2010,70,4,4,0.832905615368
2010,70,4,5,0.167094384632
2010,71,0,0,0.585707950699
2010,71,0,1,0.393041008958
2010,71,0,4,0.00344181427725
2010,71,0,5,0.0178092260664
2010,71,1,0,0.210828150625
2010,71,1,1,0.616107768056
2010,71,1,2,0.146494577252
2010,71,1,4,0.0041418092539
2010,71,1,5,0.022427694813
2010,71,2,1,0.295223027262
2010,71,2,2,0.58265899548
2010,71,2,3,0.0587944361142
2010,71,2,4,0.0210547093375
2010,71,2,5,0.0422688318063
2010,71,3,2,0.309138909874
2010,71,3,3,0.333368971349
2010,71,3,4,0.254067423047
2010,71,3,5,0.103424695729
2010,71,4,4,0.822085168021
2010,71,4,5,0.177914831979
2010,72,0,0,0.573733017729
2010,72,0,1,0.401632057286
2010,72,0,4,0.00514850312768
2010,72,0,5,0.0194864218574
2010,72,1,0,0.190603219962
2010,72,1,1,0.623062835573
2010,72,1,2,0.158615231221
2010,72,1,4,0.00452023791662
2010,72,1,5,0.0231984753267
2010,72,2,1,0.268976636464
2010,72,2,2,0.601175434928
2010,72,2,3,0.0618795781987
2010,72,2,4,0.0225607825802
2010,72,2,5,0.0454075678295
2010,72,3,2,0.314674548598
2010,72,3,3,0.337374616313
2010,72,3,4,0.245514250992
2010,72,3,5,0.102436584096
2010,72,4,4,0.816892567461
2010,72,4,5,0.183107432539
2010,73,0,0,0.556794037902
2010,73,0,1,0.414673323905
2010,73,0,4,0.00672623633277
2010,73,0,5,0.0218064018606
2010,73,1,0,0.170950885284
2010,73,1,1,0.626858830639
2010,73,1,2,0.172501024321
2010,73,1,4,0.00487087039888
2010,73,1,5,0.0248183893574
2010,73,2,1,0.244048033979
2010,73,2,2,0.616843732928
2010,73,2,3,0.0652226575934
2010,73,2,4,0.0240392364588
2010,73,2,5,0.049846339041
2010,73,3,2,0.315265503101
2010,73,3,3,0.340963562756
2010,73,3,4,0.238695247703
2010,73,3,5,0.10507568644
2010,73,4,4,0.807222537163
2010,73,4,5,0.192777462837
2010,74,0,0,0.53602625476
2010,74,0,1,0.431726869988
2010,74,0,4,0.00772309724006
2010,74,0,5,0.0245237780122
2010,74,1,0,0.152125846081
2010,74,1,1,0.627433234886
2010,74,1,2,0.188263575834
2010,74,1,4,0.00519424102711
2010,74,1,5,0.0269831021717
2010,74,2,1,0.220667991458
2010,74,2,2,0.629920867598
2010,74,2,3,0.0688811412928
2010,74,2,4,0.0254985065723
2010,74,2,5,0.055031493079
2010,74,3,2,0.311658100346
2010,74,3,3,0.344740881007
2010,74,3,4,0.233779104388
2010,74,3,5,0.109821914259
2010,74,4,4,0.795659309926
2010,74,4,5,0.204340690074
2010,75,0,0,0.512513279256
2010,75,0,1,0.452319612061
2010,75,0,4,0.0078422348507
2010,75,0,5,0.0273248738321
2010,75,1,0,0.134331718348
2010,75,1,1,0.62477641664
2010,75,1,2,0.206003919979
2010,75,1,4,0.00549422402847
2010,75,1,5,0.0293937210048
2010,75,2,1,0.198994564554
2010,75,2,2,0.640783341779
2010,75,2,3,0.0729274894902
2010,75,2,4,0.0269544252339
2010,75,2,5,0.0603401789428
2010,75,3,2,0.30459796198
2010,75,3,3,0.349162017888
2010,75,3,4,0.23083262857
2010,75,3,5,0.115407391561
2010,75,4,4,0.784629050015
2010,75,4,5,0.215370949985
2010,76,0,0,0.486594676235
2010,76,0,1,0.475245480489
2010,76,0,4,0.00707640436888
2010,76,0,5,0.0310834389069
2010,76,1,0,0.11756301156
2010,76,1,1,0.618101530981
2010,76,1,2,0.225499311833
2010,76,1,4,0.00577001773316
2010,76,1,5,0.0330661278932
2010,76,2,1,0.178593031144
2010,76,2,2,0.648003405744
2010,76,2,3,0.0772251348421
2010,76,2,4,0.0283471472345
2010,76,2,5,0.0678312810356
2010,76,3,2,0.293122540992
2010,76,3,3,0.352564273957
2010,76,3,4,0.228570720739
2010,76,3,5,0.125742464312
2010,76,4,4,0.766960359418
2010,76,4,5,0.233039640582
2010,77,0,0,0.459578781673
2010,77,0,1,0.500036042174
2010,77,0,4,0.00571316824258
2010,77,0,5,0.0346720079102
2010,77,1,0,0.102072959211
2010,77,1,1,0.608065666989
2010,77,1,2,0.246922209908
2010,77,1,4,0.00603546686981
2010,77,1,5,0.0369036970229
2010,77,2,1,0.15991556363
2010,77,2,2,0.653143531912
2010,77,2,3,0.081976221516
2010,77,2,4,0.029743578898
2010,77,2,5,0.0752211040439
2010,77,3,2,0.279162434105
2010,77,3,3,0.35648336033
2010,77,3,4,0.22785734993
2010,77,3,5,0.136496855635
2010,77,4,4,0.750868098091
2010,77,4,5,0.249131901909
2010,78,0,0,0.431464429378
2010,78,0,1,0.524740601541
2010,78,0,4,0.00414452615773
2010,78,0,5,0.0396504429232
2010,78,1,0,0.0877475799151
2010,78,1,1,0.593580019792
2010,78,1,2,0.269656067591
2010,78,1,4,0.00628911039511
2010,78,1,5,0.042727222307
2010,78,2,1,0.142300244649
2010,78,2,2,0.653632890837
2010,78,2,3,0.0868697365836
2010,78,2,4,0.0310260541629
2010,78,2,5,0.0861710737674
2010,78,3,2,0.2610897212
2010,78,3,3,0.357906879154
2010,78,3,4,0.226641426683
2010,78,3,5,0.154361972963
2010,78,4,4,0.724375283618
2010,78,4,5,0.275624716382
2010,79,0,0,0.404350521287
2010,79,0,1,0.549757203309
2010,79,0,4,0.0027266018646
2010,79,0,5,0.0431656735394
2010,79,1,0,0.0749098553267
2010,79,1,1,0.576616692923
2010,79,1,2,0.294268392939
2010,79,1,4,0.00656224197188
2010,79,1,5,0.047642816839
2010,79,2,1,0.126645460421
2010,79,2,2,0.653696815159
2010,79,2,3,0.0924665587695
2010,79,2,4,0.0323928249376
2010,79,2,5,0.0947983407125
2010,79,3,2,0.242774834208
2010,79,3,3,0.360983517668
2010,79,3,4,0.227447242447
2010,79,3,5,0.168794405677
2010,79,4,4,0.706559333186
2010,79,4,5,0.293440666814
2010,80,0,0,0.377425745571
2010,80,0,1,0.571873397809
2010,80,0,4,0.00163128545633
2010,80,0,5,0.0490695711642
2010,80,1,0,0.0632146637102
2010,80,1,1,0.5547739689
2010,80,1,2,0.319087250446
2010,80,1,4,0.00683975820169
2010,80,1,5,0.0560843587418
2010,80,2,1,0.111632131833
2010,80,2,2,0.647031595882
2010,80,2,3,0.0978783931851
2010,80,2,4,0.0335324835226
2010,80,2,5,0.109925395577
2010,80,3,2,0.220185626979
2010,80,3,3,0.358576831027
2010,80,3,4,0.225659052923
2010,80,3,5,0.195578489071
2010,80,4,4,0.669934988136
2010,80,4,5,0.330065011864
2010,81,0,0,0.353356809589
2010,81,0,1,0.592879966341
2010,81,0,4,0.00089831245479
2010,81,0,5,0.0528649116145
2010,81,1,0,0.0530091053799
2010,81,1,1,0.531362204425
2010,81,1,2,0.345254817636
2010,81,1,4,0.00717428407648
2010,81,1,5,0.0631995884828
2010,81,2,1,0.0984914595283
2010,81,2,2,0.640646281411
2010,81,2,3,0.104105310399
2010,81,2,4,0.0347960948305
2010,81,2,5,0.121960853831
2010,81,3,2,0.198838738894
2010,81,3,3,0.35785788784
2010,81,3,4,0.225676397084
2010,81,3,5,0.217626976181
2010,81,4,4,0.643843696243
2010,81,4,5,0.356156303757
2010,82,0,0,0.329998666178
2010,82,0,1,0.60724955022
2010,82,0,4,0.000455095294773
2010,82,0,5,0.062296688307
2010,82,1,0,0.0437286401053
2010,82,1,1,0.501517553625
2010,82,1,2,0.368652285092
2010,82,1,4,0.00751345871769
2010,82,1,5,0.0785880624593
2010,82,2,1,0.0851364504285
2010,82,2,2,0.621148699687
2010,82,2,3,0.108879098994
2010,82,2,4,0.0354405251664
2010,82,2,5,0.149395225725
2010,82,3,2,0.171181593325
2010,82,3,3,0.343313154716
2010,82,3,4,0.217557155206
2010,82,3,5,0.267948096753
2010,82,4,4,0.574485969733
2010,82,4,5,0.425514030267
2010,83,0,0,0.31125754281
2010,83,0,1,0.620127029945
2010,83,0,4,0.000215837470507
2010,83,0,5,0.0683995897746
2010,83,1,0,0.0358997731568
2010,83,1,1,0.471819601663
2010,83,1,2,0.392574172026
2010,83,1,4,0.00796521046038
2010,83,1,5,0.0917412426943
2010,83,2,1,0.07376574722
2010,83,2,2,0.603413233803
2010,83,2,3,0.114530243398
2010,83,2,4,0.0362617197604
2010,83,2,5,0.172029055818
2010,83,3,2,0.1470652945
2010,83,3,3,0.331188676746
2010,83,3,4,0.21136971245
2010,83,3,5,0.310376316304
2010,83,4,4,0.520656912165
2010,83,4,5,0.479343087835
2010,84,0,0,0.296544186073
2010,84,0,1,0.629429780869
2010,84,0,4,9.63238121681e-05
2010,84,0,5,0.0739297092457
2010,84,1,0,0.0292370011614
2010,84,1,1,0.440972415254
2010,84,1,2,0.415157243837
2010,84,1,4,0.00853887964928
2010,84,1,5,0.106094460099
2010,84,2,1,0.0635495005676
2010,84,2,2,0.582659604107
2010,84,2,3,0.120170992039
2010,84,2,4,0.0369853998981
2010,84,2,5,0.196634503388
2010,84,3,2,0.124046549846
2010,84,3,3,0.315857111062
2010,84,3,4,0.203373260031
2010,84,3,5,0.356723079061
2010,84,4,4,0.462335324198
2010,84,4,5,0.537664675802
2010,85,0,0,0.284952048134
2010,85,0,1,0.631982966383
2010,85,0,4,4.05932398928e-05
2010,85,0,5,0.0830243922424
2010,85,1,0,0.0234592339912
2010,85,1,1,0.406595952036
2010,85,1,2,0.432581014687
2010,85,1,4,0.00921341063709
2010,85,1,5,0.128150388649
2010,85,2,1,0.0535647686723
2010,85,2,2,0.550338915962
2010,85,2,3,0.123730917088
2010,85,2,4,0.0370166011557
2010,85,2,5,0.235348797122
2010,85,3,2,0.098827152285
2010,85,3,3,0.286307277296
2010,85,3,4,0.186207708055
2010,85,3,5,0.428657862364
2010,85,4,4,0.366594660951
2010,85,4,5,0.633405339049
2010,86,0,0,0.279459536374
2010,86,0,1,0.633131826209
2010,86,0,4,1.64292918856e-05
2010,86,0,5,0.0873922081244
2010,86,1,0,0.0188149311685
2010,86,1,1,0.37518448635
2010,86,1,2,0.450098424272
2010,86,1,4,0.0101734651912
2010,86,1,5,0.145728693018
2010,86,2,1,0.0454100605366
2010,86,2,2,0.522756852268
2010,86,2,3,0.128486002648
2010,86,2,4,0.0373854177503
2010,86,2,5,0.265961666797
2010,86,3,2,0.0792851900843
2010,86,3,3,0.262789755318
2010,86,3,4,0.172757349361
2010,86,3,5,0.485167705238
2010,86,4,4,0.293493275168
2010,86,4,5,0.706506724832
2010,87,0,0,0.278455289703
2010,87,0,1,0.627950617416
2010,87,0,4,6.38900985221e-06
2010,87,0,5,0.0935877038711
2010,87,1,0,0.0149134911452
2010,87,1,1,0.342517725396
2010,87,1,2,0.461919343443
2010,87,1,4,0.0113912534091
2010,87,1,5,0.169258186607
2010,87,2,1,0.0376988851244
2010,87,2,2,0.486255094041
2010,87,2,3,0.130988764678
2010,87,2,4,0.0371111452155
2010,87,2,5,0.307946110941
2010,87,3,2,0.0598049038509
2010,87,3,3,0.227889435074
2010,87,3,4,0.151457394367
2010,87,3,5,0.560848266707
2010,87,4,4,0.190676481312
2010,87,4,5,0.809323518688
2010,88,0,0,0.281428891419
2010,88,0,1,0.613583933354
2010,88,0,4,2.39532824605e-06
2010,88,0,5,0.104984779899
2010,88,1,0,0.0115692021288
2010,88,1,1,0.306325532024
2010,88,1,2,0.46254744624
2010,88,1,4,0.0128360942443
2010,88,1,5,0.206721725364
2010,88,2,1,0.0298307650029
2010,88,2,2,0.431143946718
2010,88,2,3,0.127577067428
2010,88,2,4,0.035254770631
2010,88,2,5,0.37619345022
2010,88,3,2,0.0381286692422
2010,88,3,3,0.167734164483
2010,88,3,4,0.112661611005
2010,88,3,5,0.68147555527
2010,88,4,4,0.0201726278632
2010,88,4,5,0.979827372137
2010,89,0,0,0.293032461497
2010,89,0,1,0.597976431649
2010,89,0,4,8.83792590957e-07
2010,89,0,5,0.108990223061
2010,89,1,0,0.00904533098768
2010,89,1,1,0.276338222903
2010,89,1,2,0.464922766649
2010,89,1,4,0.0150226911442
2010,89,1,5,0.234670988316
2010,89,2,1,0.0239078904677
2010,89,2,2,0.387256348557
2010,89,2,3,0.126112131678
2010,89,2,4,0.0340708911316
2010,89,2,5,0.428652738166
2010,89,3,2,0.0241685191879
2010,89,3,3,0.123172718547
2010,89,3,4,0.0835375317383
2010,89,3,5,0.769121230527
2010,89,4,4,0.0
2010,89,4,5,1.0
2010,90,0,0,0.310249480062
2010,90,0,1,0.571817536266
2010,90,0,4,3.18334604259e-07
2010,90,0,5,0.117932665337
2010,90,1,0,0.00689191096971
2010,90,1,1,0.243108198566
2010,90,1,2,0.453096015513
2010,90,1,4,0.0176953163385
2010,90,1,5,0.279208558613
2010,90,2,1,0.0177414151647
2010,90,2,2,0.322155074276
2010,90,2,3,0.115643112528
2010,90,2,4,0.0306329925777
2010,90,2,5,0.513827405453
2010,90,3,2,0.00828722187244
2010,90,3,3,0.0490660206949
2010,90,3,4,0.0335551958421
2010,90,3,5,0.909091561591
2010,90,4,4,0.0
2010,90,4,5,1.0
2010,91,0,0,0.335801075297
2010,91,0,1,0.537661434164
2010,91,0,4,1.13102664072e-07
2010,91,0,5,0.126537377436
2010,91,1,0,0.00516112395154
2010,91,1,1,0.210329656783
2010,91,1,2,0.431353386363
2010,91,1,4,0.0212033795437
2010,91,1,5,0.331952453359
2010,91,2,1,0.0121126624125
2010,91,2,2,0.246659985768
2010,91,2,3,0.0977235799306
2010,91,2,4,0.0254700049606
2010,91,2,5,0.618033766928
2010,91,3,2,0.0
2010,91,3,3,0.0
2010,91,3,4,0.0
2010,91,3,5,1.0
2010,91,4,4,0.0
2010,91,4,5,1.0
2010,92,0,0,0.379012398281
2010,92,0,1,0.505417438806
2010,92,0,4,4.06370180675e-08
2010,92,0,5,0.115570122277
2010,92,1,0,0.00411655812291
2010,92,1,1,0.193903508723
2010,92,1,2,0.434269128442
2010,92,1,4,0.0280691345636
2010,92,1,5,0.339641670148
2010,92,2,1,0.00980314431356
2010,92,2,2,0.223981783849
2010,92,2,3,0.0980323804401
2010,92,2,4,0.0252424496512
2010,92,2,5,0.642940241746
2010,92,3,2,0.0
2010,92,3,3,0.0
2010,92,3,4,0.0
2010,92,3,5,1.0
2010,92,4,4,0.0
2010,92,4,5,1.0
2010,93,0,0,0.433357837533
2010,93,0,1,0.459928532965
2010,93,0,4,1.44155870763e-08
2010,93,0,5,0.106713615086
2010,93,1,0,0.00322741174876
2010,93,1,1,0.175770499448
2010,93,1,2,0.42625123473
2010,93,1,4,0.0379682066928
2010,93,1,5,0.356782647381
2010,93,2,1,0.00731117134387
2010,93,2,2,0.18753020275
2010,93,2,3,0.0907309558906
2010,93,2,4,0.0231887483457
2010,93,2,5,0.69123892167
2010,93,3,2,0.0
2010,93,3,3,0.0
2010,93,3,4,0.0
2010,93,3,5,1.0
2010,93,4,4,0.0
2010,93,4,5,1.0
2010,94,0,0,0.49550845216
2010,94,0,1,0.398662907568
2010,94,0,4,5.00925925511e-09
2010,94,0,5,0.105828635262
2010,94,1,0,0.00236603318436
2010,94,1,1,0.149019714833
2010,94,1,2,0.387634838505
2010,94,1,4,0.0500310438407
2010,94,1,5,0.410948369637
2010,94,2,1,0.00360548417018
2010,94,2,2,0.103890648229
2010,94,2,3,0.0555802226452
2010,94,2,4,0.0141737528771
2010,94,2,5,0.822749892078
2010,94,3,2,0.0
2010,94,3,3,0.0
2010,94,3,4,0.0
2010,94,3,5,1.0
2010,94,4,4,0.0
2010,94,4,5,1.0
2010,95,0,0,0.557701262723
2010,95,0,1,0.322937823
2010,95,0,4,1.68678696361e-09
2010,95,0,5,0.11936091259
2010,95,1,0,0.00142282320297
2010,95,1,1,0.103643554474
2010,95,1,2,0.286220722959
2010,95,1,4,0.0564611731499
2010,95,1,5,0.552251726213
2010,95,2,1,0.0
2010,95,2,2,0.0
2010,95,2,3,0.0
2010,95,2,4,0.0
2010,95,2,5,1.0
2010,95,3,2,0.0
2010,95,3,3,0.0
2010,95,3,4,0.0
2010,95,3,5,1.0
2010,95,4,4,0.0
2010,95,4,5,1.0
2010,96,0,0,0.64833698112
2010,96,0,1,0.255693297036
2010,96,0,4,5.80463439265e-10
2010,96,0,5,0.0959697212633
2010,96,1,0,0.00112058386392
2010,96,1,1,0.0944033602577
2010,96,1,2,0.27368656211
2010,96,1,4,0.0873164099223
2010,96,1,5,0.543473083846
2010,96,2,1,0.0
2010,96,2,2,0.0
2010,96,2,3,0.0
2010,96,2,4,0.0
2010,96,2,5,1.0
2010,96,3,2,0.0
2010,96,3,3,0.0
2010,96,3,4,0.0
2010,96,3,5,1.0
2010,96,4,4,0.0
2010,96,4,5,1.0
2010,97,0,0,0.737743384551
2010,97,0,1,0.186918015009
2010,97,0,4,1.94425879176e-10
2010,97,0,5,0.0753386002458
2010,97,1,0,0.000847140681524
2010,97,1,1,0.0825238932472
2010,97,1,2,0.248134854952
2010,97,1,4,0.135918017959
2010,97,1,5,0.532576093161
2010,97,2,1,0.0
2010,97,2,2,0.0
2010,97,2,3,0.0
2010,97,2,4,0.0
2010,97,2,5,1.0
2010,97,3,2,0.0
2010,97,3,3,0.0
2010,97,3,4,0.0
2010,97,3,5,1.0
2010,97,4,4,0.0
2010,97,4,5,1.0
2010,98,0,0,0.845082178414
2010,98,0,1,0.129325860166
2010,98,0,4,6.55181258968e-11
2010,98,0,5,0.0255919613537
2010,98,1,0,0.000959251215978
2010,98,1,1,0.108022208354
2010,98,1,2,0.332510382422
2010,98,1,4,0.333032333345
2010,98,1,5,0.225475824663
2010,98,2,1,0.00324769532955
2010,98,2,2,0.150340849615
2010,98,2,3,0.119839206932
2010,98,2,4,0.0323049707289
2010,98,2,5,0.694267277395
2010,98,3,2,0.00199913654915
2010,98,3,3,0.0399773143094
2010,98,3,4,0.0261220881414
2010,98,3,5,0.931901461
2010,98,4,4,0.0
2010,98,4,5,1.0
2010,99,0,0,0.893132097837
2010,99,0,1,0.0773647840941
2010,99,0,4,2.04602530551e-11
2010,99,0,5,0.0295031180482
2010,99,1,0,0.000518482260748
2010,99,1,1,0.0674671937028
2010,99,1,2,0.209661266218
2010,99,1,4,0.410230709848
2010,99,1,5,0.31212234797
2010,99,2,1,0.0
2010,99,2,2,0.0
2010,99,2,3,0.0
2010,99,2,4,0.0
2010,99,2,5,1.0
2010,99,3,2,0.0
2010,99,3,3,0.0
2010,99,3,4,0.0
2010,99,3,5,1.0
2010,99,4,4,0.0
2010,99,4,5,1.0
2010,100,0,0,0.945578354896
2010,100,0,1,0.0433066117003
2010,100,0,4,6.46136851812e-12
2010,100,0,5,0.0111150333972
2010,100,1,0,0.000344962299771
2010,100,1,1,0.0518413192741
2010,100,1,2,0.160247610075
2010,100,1,4,0.656536569595
2010,100,1,5,0.131029538756
2010,100,2,1,0.00106569093645
2010,100,2,2,0.0629423126392
2010,100,2,3,0.0608457758133
2010,100,2,4,0.0176721299565
2010,100,2,5,0.857474090655
2010,100,3,2,0.0
2010,100,3,3,0.0
2010,100,3,4,0.0
2010,100,3,5,1.0
2010,100,4,4,0.0
2010,100,4,5,1.0
2010,101,0,0,0.97354345789
2010,101,0,1,0.0219490763379
2010,101,0,4,2.01322736004e-12
2010,101,0,5,0.00450746576982
2010,101,1,0,0.000170703519188
2010,101,1,1,0.0296078079529
2010,101,1,2,0.0896139336121
2010,101,1,4,0.826648148115
2010,101,1,5,0.0539594068005
2010,101,2,1,0.00216571486309
2010,101,2,2,0.144771816397
2010,101,2,3,0.153695824578
2010,101,2,4,0.0469777143049
2010,101,2,5,0.652388929856
2010,101,3,2,0.0051918949619
2010,101,3,3,0.157875002528
2010,101,3,4,0.0930894396693
2010,101,3,5,0.743843662841
2010,101,4,4,0.0
2010,101,4,5,1.0
2010,102,0,0,0.987174444536
2010,102,0,1,0.0101676707813
2010,102,0,4,6.29942028337e-13
2010,102,0,5,0.00265788468166
2010,102,1,0,7.00760061798e-05
2010,102,1,1,0.0140169099673
2010,102,1,2,0.0408551119991
2010,102,1,4,0.915338087284
2010,102,1,5,0.0297198147429
2010,102,2,1,0.00118440902019
2010,102,2,2,0.0897409417751
2010,102,2,3,0.104394704758
2010,102,2,4,0.0339160229842
2010,102,2,5,0.770763921463
2010,102,3,2,0.00310451026328
2010,102,3,3,0.107471511132
2010,102,3,4,0.0603532221317
2010,102,3,5,0.829070756473
2010,102,4,4,0.0
2010,102,4,5,1.0
2010,103,0,0,0.994144227868
2010,103,0,1,0.00432706440173
2010,103,0,4,2.00615222082e-13
2010,103,0,5,0.00152870773017
2010,103,1,0,2.57184312849e-05
2010,103,1,1,0.0059272392278
2010,103,1,2,0.0163474392606
2010,103,1,4,0.962672991036
2010,103,1,5,0.0150266120443
2010,103,2,1,0.000231939881097
2010,103,2,2,0.0199502464653
2010,103,2,3,0.0253645011445
2010,103,2,4,0.00885176757096
2010,103,2,5,0.945601544938
2010,103,3,2,0.000681590247357
2010,103,3,3,0.0266967168405
2010,103,3,4,0.0141629563447
2010,103,3,5,0.958458736568
2010,103,4,4,0.0
2010,103,4,5,1.0
2010,104,0,0,
2010,104,0,1,
2010,104,0,4,
2010,104,0,5,
2010,104,1,0,
2010,104,1,1,
2010,104,1,2,
2010,104,1,4,
2010,104,1,5,
2010,104,2,1,
2010,104,2,2,
2010,104,2,3,
2010,104,2,4,
2010,104,2,5,
2010,104,3,2,
2010,104,3,3,
2010,104,3,4,
2010,104,3,5,
2010,104,4,4,
2010,104,4,5,
2010,106,0,0,0.325669719471
2010,106,0,1,6.48696741251e-05
2010,106,0,4,2.53131355343e-15
2010,106,0,5,0.674265410855
2010,106,1,0,0.0
2010,106,1,1,0.0
2010,106,1,2,0.0
2010,106,1,4,0.0
2010,106,1,5,1.0
2010,106,2,1,0.0
2010,106,2,2,0.0
2010,106,2,3,0.0
2010,106,2,4,0.0
2010,106,2,5,1.0
2010,106,3,2,0.0
2010,106,3,3,0.0
2010,106,3,4,0.0
2010,106,3,5,1.0
2010,106,4,4,0.0
2010,106,4,5,1.0
2010,107,0,0,0.0
2010,107,0,1,0.0
2010,107,0,4,0.0
2010,107,0,5,1.0
2010,107,1,0,0.0
2010,107,1,1,0.0
2010,107,1,2,0.0
2010,107,1,4,0.0
2010,107,1,5,1.0
2010,107,2,1,0.0
2010,107,2,2,0.0
2010,107,2,3,0.0
2010,107,2,4,0.0
2010,107,2,5,1.0
2010,107,3,2,0.0
2010,107,3,3,0.0
2010,107,3,4,0.0
2010,107,3,5,1.0
2010,107,4,4,0.0
2010,107,4,5,1.0
2010,108,0,0,0.0
2010,108,0,1,0.0
2010,108,0,4,0.0
2010,108,0,5,1.0
2010,108,1,0,0.0
2010,108,1,1,0.0
2010,108,1,2,0.0
2010,108,1,4,0.0
2010,108,1,5,1.0
2010,108,2,1,0.0
2010,108,2,2,0.0
2010,108,2,3,0.0
2010,108,2,4,0.0
2010,108,2,5,1.0
2010,108,3,2,0.0
2010,108,3,3,0.0
2010,108,3,4,0.0
2010,108,3,5,1.0
2010,108,4,4,0.0
2010,108,4,5,1.0
2010,109,0,0,0.0
2010,109,0,1,0.0
2010,109,0,4,0.0
2010,109,0,5,1.0
2010,109,1,0,0.0
2010,109,1,1,0.0
2010,109,1,2,0.0
2010,109,1,4,0.0
2010,109,1,5,1.0
2010,109,2,1,0.0
2010,109,2,2,0.0
2010,109,2,3,0.0
2010,109,2,4,0.0
2010,109,2,5,1.0
2010,109,3,2,0.0
2010,109,3,3,0.0
2010,109,3,4,0.0
2010,109,3,5,1.0
2010,109,4,4,0.0
2010,109,4,5,1.0
2010,110,0,0,0.0
2010,110,0,1,0.0
2010,110,0,4,0.0
2010,110,0,5,1.0
2010,110,1,0,0.0
2010,110,1,1,0.0
2010,110,1,2,0.0
2010,110,1,4,0.0
2010,110,1,5,1.0
2010,110,2,1,0.0
2010,110,2,2,0.0
2010,110,2,3,0.0
2010,110,2,4,0.0
2010,110,2,5,1.0
2010,110,3,2,0.0
2010,110,3,3,0.0
2010,110,3,4,0.0
2010,110,3,5,1.0
2010,110,4,4,0.0
2010,110,4,5,1.0
2010,111,0,0,0.0
2010,111,0,1,0.0
2010,111,0,4,0.0
2010,111,0,5,1.0
2010,111,1,0,0.0
2010,111,1,1,0.0
2010,111,1,2,0.0
2010,111,1,4,0.0
2010,111,1,5,1.0
2010,111,2,1,0.0
2010,111,2,2,0.0
2010,111,2,3,0.0
2010,111,2,4,0.0
2010,111,2,5,1.0
2010,111,3,2,0.0
2010,111,3,3,0.0
2010,111,3,4,0.0
2010,111,3,5,1.0
2010,111,4,4,0.0
2010,111,4,5,1.0
2010,112,0,0,0.0
2010,112,0,1,0.0
2010,112,0,4,0.0
2010,112,0,5,1.0
2010,112,1,0,0.0
2010,112,1,1,0.0
2010,112,1,2,0.0
2010,112,1,4,0.0
2010,112,1,5,1.0
2010,112,2,1,0.0
2010,112,2,2,0.0
2010,112,2,3,0.0
2010,112,2,4,0.0
2010,112,2,5,1.0
2010,112,3,2,0.0
2010,112,3,3,0.0
2010,112,3,4,0.0
2010,112,3,5,1.0
2010,112,4,4,0.0
2010,112,4,5,1.0
2010,113,0,0,0.0
2010,113,0,1,0.0
2010,113,0,4,0.0
2010,113,0,5,1.0
2010,113,1,0,0.0
2010,113,1,1,0.0
2010,113,1,2,0.0
2010,113,1,4,0.0
2010,113,1,5,1.0
2010,113,2,1,0.0
2010,113,2,2,0.0
2010,113,2,3,0.0
2010,113,2,4,0.0
2010,113,2,5,1.0
2010,113,3,2,0.0
2010,113,3,3,0.0
2010,113,3,4,0.0
2010,113,3,5,1.0
2010,113,4,4,0.0
2010,113,4,5,1.0
2010,114,0,0,0.0
2010,114,0,1,0.0
2010,114,0,4,0.0
2010,114,0,5,1.0
2010,114,1,0,0.0
2010,114,1,1,0.0
2010,114,1,2,0.0
2010,114,1,4,0.0
2010,114,1,5,1.0
2010,114,2,1,0.0
2010,114,2,2,0.0
2010,114,2,3,0.0
2010,114,2,4,0.0
2010,114,2,5,1.0
2010,114,3,2,0.0
2010,114,3,3,0.0
2010,114,3,4,0.0
2010,114,3,5,1.0
2010,114,4,4,0.0
2010,114,4,5,1.0
2010,115,0,0,0.0
2010,115,0,1,0.0
2010,115,0,4,0.0
2010,115,0,5,1.0
2010,115,1,0,0.0
2010,115,1,1,0.0
2010,115,1,2,0.0
2010,115,1,4,0.0
2010,115,1,5,1.0
2010,115,2,1,0.0
2010,115,2,2,0.0
2010,115,2,3,0.0
2010,115,2,4,0.0
2010,115,2,5,1.0
2010,115,3,2,0.0
2010,115,3,3,0.0
2010,115,3,4,0.0
2010,115,3,5,1.0
2010,115,4,4,0.0
2010,115,4,5,1.0
2010,116,0,0,0.0
2010,116,0,1,0.0
2010,116,0,4,0.0
2010,116,0,5,1.0
2010,116,1,0,0.0
2010,116,1,1,0.0
2010,116,1,2,0.0
2010,116,1,4,0.0
2010,116,1,5,1.0
2010,116,2,1,0.0
2010,116,2,2,0.0
2010,116,2,3,0.0
2010,116,2,4,0.0
2010,116,2,5,1.0
2010,116,3,2,0.0
2010,116,3,3,0.0
2010,116,3,4,0.0
2010,116,3,5,1.0
2010,116,4,4,0.0
2010,116,4,5,1.0
2010,117,0,0,0.0
2010,117,0,1,0.0
2010,117,0,4,0.0
2010,117,0,5,1.0
2010,117,1,0,0.0
2010,117,1,1,0.0
2010,117,1,2,0.0
2010,117,1,4,0.0
2010,117,1,5,1.0
2010,117,2,1,0.0
2010,117,2,2,0.0
2010,117,2,3,0.0
2010,117,2,4,0.0
2010,117,2,5,1.0
2010,117,3,2,0.0
2010,117,3,3,0.0
2010,117,3,4,0.0
2010,117,3,5,1.0
2010,117,4,4,0.0
2010,117,4,5,1.0
2010,118,0,0,0.0
2010,118,0,1,0.0
2010,118,0,4,0.0
2010,118,0,5,1.0
2010,118,1,0,0.0
2010,118,1,1,0.0
2010,118,1,2,0.0
2010,118,1,4,0.0
2010,118,1,5,1.0
2010,118,2,1,0.0
2010,118,2,2,0.0
2010,118,2,3,0.0
2010,118,2,4,0.0
2010,118,2,5,1.0
2010,118,3,2,0.0
2010,118,3,3,0.0
2010,118,3,4,0.0
2010,118,3,5,1.0
2010,118,4,4,0.0
2010,118,4,5,1.0
2010,119,0,0,0.0
2010,119,0,1,0.0
2010,119,0,4,0.0
2010,119,0,5,1.0
2010,119,1,0,0.0
2010,119,1,1,0.0
2010,119,1,2,0.0
2010,119,1,4,0.0
2010,119,1,5,1.0
2010,119,2,1,0.0
2010,119,2,2,0.0
2010,119,2,3,0.0
2010,119,2,4,0.0
2010,119,2,5,1.0
2010,119,3,2,0.0
2010,119,3,3,0.0
2010,119,3,4,0.0
2010,119,3,5,1.0
2010,119,4,4,0.0
2010,119,4,5,1.0
2010,120,0,0,0.0
2010,120,0,1,0.0
2010,120,0,4,0.0
2010,120,0,5,1.0
2010,120,1,0,0.0
2010,120,1,1,0.0
2010,120,1,2,0.0
2010,120,1,4,0.0
2010,120,1,5,1.0
2010,120,2,1,0.0
2010,120,2,2,0.0
2010,120,2,3,0.0
2010,120,2,4,0.0
2010,120,2,5,1.0
2010,120,3,2,0.0
2010,120,3,3,0.0
2010,120,3,4,0.0
2010,120,3,5,1.0
2010,120,4,4,0.0
2010,120,4,5,1.0
